Evolución,Número_pokedex,Nombre,Generación,Clasificación,Especie,Número_de_tipos,Primer_tipo,Segundo_tipo,Altura_m,Peso_kg,#_de_habilidades,Habilidad_1,Habilidad_2,Habilidad_oculta,Puntos_totales,Vida,Ataque,Defensa,Ataque_especial,Defensa_especial,Velocidad,Tasa_de_captura,Amistad_base,Experiencia_base,Tasa_de_crecimiento,Porcentaje_macho,Contra_normal,Contra_fuego,Contra_agua,Contra_eléctrico,Contra_planta,Contra_hielo,Contra_luchador,Contra_posión,Contra_tierra,Contra_volador,Contra_psíquico,Contra_bicho,Contra_roca,Contra_fantasma,Contra_dragón,Contra_oscuridad,Contra_acero,Contra_hada
P,4,Charmander,1,Normal,Lizard Pokémon,1,Fuego,,0.6,8.5,2,Blaze,,Solar Power,309.0,39.0,52.0,43.0,60.0,50.0,65.0,45.0,70.0,62.0,Medium Slow,87.5,1.0,0.5,2.0,1.0,0.5,0.5,1.0,1.0,2.0,1.0,1.0,0.5,2.0,1.0,1.0,1.0,0.5,0.5
I,5,Charmeleon,1,Normal,Flame Pokémon,1,Fuego,,1.1,19.0,2,Blaze,,Solar Power,405.0,58.0,64.0,58.0,80.0,65.0,80.0,45.0,70.0,142.0,Medium Slow,87.5,1.0,0.5,2.0,1.0,0.5,0.5,1.0,1.0,2.0,1.0,1.0,0.5,2.0,1.0,1.0,1.0,0.5,0.5
U,6,Charizard,1,Normal,Flame Pokémon,2,Fuego,Volador,1.7,90.5,2,Blaze,,Solar Power,534.0,78.0,84.0,78.0,109.0,85.0,100.0,45.0,70.0,240.0,Medium Slow,87.5,1.0,0.5,2.0,2.0,0.25,1.0,0.5,1.0,0.0,1.0,1.0,0.25,4.0,1.0,1.0,1.0,0.5,0.5
P,10,Caterpie,1,Normal,Worm Pokémon,1,Bicho,,0.3,2.9,2,Shield Dust,,Run Away,195.0,45.0,30.0,35.0,20.0,20.0,45.0,255.0,70.0,39.0,Medium Fast,50.0,1.0,2.0,1.0,1.0,0.5,1.0,0.5,1.0,0.5,2.0,1.0,1.0,2.0,1.0,1.0,1.0,1.0,1.0
I,11,Metapod,1,Normal,Cocoon Pokémon,1,Bicho,,0.7,9.9,1,Shed Skin,,,205.0,50.0,20.0,55.0,25.0,25.0,30.0,120.0,70.0,72.0,Medium Fast,50.0,1.0,2.0,1.0,1.0,0.5,1.0,0.5,1.0,0.5,2.0,1.0,1.0,2.0,1.0,1.0,1.0,1.0,1.0
U,12,Butterfree,1,Normal,Butterfly Pokémon,2,Bicho,Volador,1.1,32.0,2,Compound Eyes,,Tinted Lens,395.0,60.0,45.0,50.0,90.0,80.0,70.0,45.0,70.0,178.0,Medium Fast,50.0,1.0,2.0,1.0,2.0,0.25,2.0,0.25,1.0,0.0,2.0,1.0,0.5,4.0,1.0,1.0,1.0,1.0,1.0
I,25,Pikachu,1,Normal,Mouse Pokémon,1,Eléctrico,,0.4,6.0,2,Static,,Lightning Rod,320.0,35.0,55.0,40.0,50.0,50.0,90.0,190.0,70.0,112.0,Medium Fast,50.0,1.0,1.0,1.0,0.5,1.0,1.0,1.0,1.0,2.0,0.5,1.0,1.0,1.0,1.0,1.0,1.0,0.5,1.0
U,26,Raichu,1,Normal,Mouse Pokémon,1,Eléctrico,,0.8,30.0,2,Static,,Lightning Rod,485.0,60.0,90.0,55.0,90.0,80.0,110.0,75.0,70.0,218.0,Medium Fast,50.0,1.0,1.0,1.0,0.5,1.0,1.0,1.0,1.0,2.0,0.5,1.0,1.0,1.0,1.0,1.0,1.0,0.5,1.0
I,35,Clefairy,1,Normal,Fairy Pokémon,1,Hada,,0.6,7.5,3,Cute Charm,Magic Guard,Friend Guard,323.0,70.0,45.0,48.0,60.0,65.0,35.0,150.0,140.0,113.0,Fast,25.0,1.0,1.0,1.0,1.0,1.0,1.0,0.5,2.0,1.0,1.0,1.0,0.5,1.0,1.0,0.0,0.5,2.0,1.0
U,36,Clefable,1,Normal,Fairy Pokémon,1,Hada,,1.3,40.0,3,Cute Charm,Magic Guard,Unaware,483.0,95.0,70.0,73.0,95.0,90.0,60.0,25.0,140.0,217.0,Fast,25.0,1.0,1.0,1.0,1.0,1.0,1.0,0.5,2.0,1.0,1.0,1.0,0.5,1.0,1.0,0.0,0.5,2.0,1.0
P,37,Vulpix,1,Normal,Fox Pokémon,1,Fuego,,0.6,9.9,2,Flash Fire,,Drought,299.0,38.0,41.0,40.0,50.0,65.0,65.0,190.0,70.0,60.0,Medium Fast,25.0,1.0,0.0,2.0,1.0,0.5,0.5,1.0,1.0,2.0,1.0,1.0,0.5,2.0,1.0,1.0,1.0,0.5,0.5
U,38,Ninetales,1,Normal,Fox Pokémon,1,Fuego,,1.1,19.9,2,Flash Fire,,Drought,505.0,73.0,76.0,75.0,81.0,100.0,100.0,75.0,70.0,177.0,Medium Fast,25.0,1.0,0.0,2.0,1.0,0.5,0.5,1.0,1.0,2.0,1.0,1.0,0.5,2.0,1.0,1.0,1.0,0.5,0.5
P,43,Oddish,1,Normal,Weed Pokémon,2,Planta,Posión,0.5,5.4,2,Chlorophyll,,Run Away,320.0,45.0,50.0,55.0,75.0,65.0,30.0,255.0,70.0,64.0,Medium Slow,50.0,1.0,2.0,0.5,0.5,0.25,2.0,0.5,1.0,1.0,2.0,2.0,1.0,1.0,1.0,1.0,1.0,1.0,0.5
I,44,Gloom,1,Normal,Weed Pokémon,2,Planta,Posión,0.8,8.6,2,Chlorophyll,,Stench,395.0,60.0,65.0,70.0,85.0,75.0,40.0,120.0,70.0,138.0,Medium Slow,50.0,1.0,2.0,0.5,0.5,0.25,2.0,0.5,1.0,1.0,2.0,2.0,1.0,1.0,1.0,1.0,1.0,1.0,0.5
U,45,Vileplume,1,Normal,Flower Pokémon,2,Planta,Posión,1.2,18.6,2,Chlorophyll,,Effect Spore,490.0,75.0,80.0,85.0,110.0,90.0,50.0,45.0,70.0,221.0,Medium Slow,50.0,1.0,2.0,0.5,0.5,0.25,2.0,0.5,1.0,1.0,2.0,2.0,1.0,1.0,1.0,1.0,1.0,1.0,0.5
P,50,Diglett,1,Normal,Mole Pokémon,1,Tierra,,0.2,0.8,3,Sand Veil,Arena Trap,Sand Force,265.0,10.0,55.0,25.0,35.0,45.0,95.0,255.0,70.0,53.0,Medium Fast,50.0,1.0,1.0,2.0,0.0,2.0,2.0,1.0,0.5,1.0,1.0,1.0,1.0,0.5,1.0,1.0,1.0,1.0,1.0
U,51,Dugtrio,1,Normal,Mole Pokémon,1,Tierra,,0.7,33.3,3,Sand Veil,Arena Trap,Sand Force,425.0,35.0,100.0,50.0,50.0,70.0,120.0,50.0,70.0,149.0,Medium Fast,50.0,1.0,1.0,2.0,0.0,2.0,2.0,1.0,0.5,1.0,1.0,1.0,1.0,0.5,1.0,1.0,1.0,1.0,1.0
P,52,Meowth,1,Normal,Scratch Cat Pokémon,1,Normal,,0.4,4.2,3,Pickup,Technician,Unnerve,290.0,40.0,45.0,35.0,40.0,40.0,90.0,255.0,70.0,58.0,Medium Fast,50.0,1.0,1.0,1.0,1.0,1.0,1.0,2.0,1.0,1.0,1.0,1.0,1.0,1.0,0.0,1.0,1.0,1.0,1.0
U,53,Persian,1,Normal,Classy Cat Pokémon,1,Normal,,1.0,32.0,3,Limber,Technician,Unnerve,440.0,65.0,70.0,60.0,65.0,65.0,115.0,90.0,70.0,154.0,Medium Fast,50.0,1.0,1.0,1.0,1.0,1.0,1.0,2.0,1.0,1.0,1.0,1.0,1.0,1.0,0.0,1.0,1.0,1.0,1.0
P,58,Growlithe,1,Normal,Puppy Pokémon,1,Fuego,,0.7,19.0,3,Intimidate,Flash Fire,Justified,350.0,55.0,70.0,45.0,70.0,50.0,60.0,190.0,70.0,70.0,Slow,75.0,1.0,0.5,2.0,1.0,0.5,0.5,1.0,1.0,2.0,1.0,1.0,0.5,2.0,1.0,1.0,1.0,0.5,0.5
U,59,Arcanine,1,Normal,Legendary Pokémon,1,Fuego,,1.9,155.0,3,Intimidate,Flash Fire,Justified,555.0,90.0,110.0,80.0,100.0,80.0,95.0,75.0,70.0,194.0,Slow,75.0,1.0,0.5,2.0,1.0,0.5,0.5,1.0,1.0,2.0,1.0,1.0,0.5,2.0,1.0,1.0,1.0,0.5,0.5
P,66,Machop,1,Normal,Superpower Pokémon,1,Luchador,,0.8,19.5,3,Guts,No Guard,Steadfast,305.0,70.0,80.0,50.0,35.0,35.0,35.0,180.0,70.0,61.0,Medium Slow,75.0,1.0,1.0,1.0,1.0,1.0,1.0,1.0,1.0,1.0,2.0,2.0,0.5,0.5,1.0,1.0,0.5,1.0,2.0
I,67,Machoke,1,Normal,Superpower Pokémon,1,Luchador,,1.5,70.5,3,Guts,No Guard,Steadfast,405.0,80.0,100.0,70.0,50.0,60.0,45.0,90.0,70.0,142.0,Medium Slow,75.0,1.0,1.0,1.0,1.0,1.0,1.0,1.0,1.0,1.0,2.0,2.0,0.5,0.5,1.0,1.0,0.5,1.0,2.0
U,68,Machamp,1,Normal,Superpower Pokémon,1,Luchador,,1.6,130.0,3,Guts,No Guard,Steadfast,505.0,90.0,130.0,80.0,65.0,85.0,55.0,45.0,70.0,227.0,Medium Slow,75.0,1.0,1.0,1.0,1.0,1.0,1.0,1.0,1.0,1.0,2.0,2.0,0.5,0.5,1.0,1.0,0.5,1.0,2.0
P,77,Ponyta,1,Normal,Fire Horse Pokémon,1,Fuego,,1.0,30.0,3,Run Away,Flash Fire,Flame Body,410.0,50.0,85.0,55.0,65.0,65.0,90.0,190.0,70.0,82.0,Medium Fast,50.0,1.0,0.5,2.0,1.0,0.5,0.5,1.0,1.0,2.0,1.0,1.0,0.5,2.0,1.0,1.0,1.0,0.5,0.5
U,78,Rapidash,1,Normal,Fire Horse Pokémon,1,Fuego,,1.7,95.0,3,Run Away,Flash Fire,Flame Body,500.0,65.0,100.0,70.0,80.0,80.0,105.0,60.0,70.0,175.0,Medium Fast,50.0,1.0,0.5,2.0,1.0,0.5,0.5,1.0,1.0,2.0,1.0,1.0,0.5,2.0,1.0,1.0,1.0,0.5,0.5
P,90,Shellder,1,Normal,Bivalve Pokémon,1,Agua,,0.3,4.0,3,Shell Armor,Skill Link,Overcoat,305.0,30.0,65.0,100.0,45.0,25.0,40.0,190.0,70.0,61.0,Slow,50.0,1.0,0.5,0.5,2.0,2.0,0.5,1.0,1.0,1.0,1.0,1.0,1.0,1.0,1.0,1.0,1.0,0.5,1.0
U,91,Cloyster,1,Normal,Bivalve Pokémon,2,Agua,Hielo,1.5,132.5,3,Shell Armor,Skill Link,Overcoat,525.0,50.0,95.0,180.0,85.0,45.0,70.0,60.0,70.0,184.0,Slow,50.0,1.0,1.0,0.5,2.0,2.0,0.25,2.0,1.0,1.0,1.0,1.0,1.0,2.0,1.0,1.0,1.0,1.0,1.0
P,92,Gastly,1,Normal,Gas Pokémon,2,Fantasma,Posión,1.3,0.1,1,Levitate,,,310.0,30.0,35.0,30.0,100.0,35.0,80.0,190.0,70.0,62.0,Medium Slow,50.0,0.0,1.0,1.0,1.0,0.5,1.0,0.0,0.25,0.0,1.0,2.0,0.25,1.0,2.0,1.0,2.0,1.0,0.5
I,93,Haunter,1,Normal,Gas Pokémon,2,Fantasma,Posión,1.6,0.1,1,Levitate,,,405.0,45.0,50.0,45.0,115.0,55.0,95.0,90.0,70.0,142.0,Medium Slow,50.0,0.0,1.0,1.0,1.0,0.5,1.0,0.0,0.25,0.0,1.0,2.0,0.25,1.0,2.0,1.0,2.0,1.0,0.5
U,94,Gengar,1,Normal,Shadow Pokémon,2,Fantasma,Posión,1.5,40.5,1,Cursed Body,,,500.0,60.0,65.0,60.0,130.0,75.0,110.0,45.0,70.0,225.0,Medium Slow,50.0,0.0,1.0,1.0,1.0,0.5,1.0,0.0,0.25,2.0,1.0,2.0,0.25,1.0,2.0,1.0,2.0,1.0,0.5
P,95,Onix,1,Normal,Rock Snake Pokémon,2,Roca,Tierra,8.8,210.0,3,Rock Head,Sturdy,Weak Armor,385.0,35.0,45.0,160.0,30.0,45.0,70.0,45.0,70.0,77.0,Medium Fast,50.0,0.5,0.5,4.0,0.0,4.0,2.0,2.0,0.25,2.0,0.5,1.0,1.0,0.5,1.0,1.0,1.0,2.0,1.0
P,98,Krabby,1,Normal,River Crab Pokémon,1,Agua,,0.4,6.5,3,Hyper Cutter,Shell Armor,Sheer Force,325.0,30.0,105.0,90.0,25.0,25.0,50.0,225.0,70.0,65.0,Medium Fast,50.0,1.0,0.5,0.5,2.0,2.0,0.5,1.0,1.0,1.0,1.0,1.0,1.0,1.0,1.0,1.0,1.0,0.5,1.0
U,99,Kingler,1,Normal,Pincer Pokémon,1,Agua,,1.3,60.0,3,Hyper Cutter,Shell Armor,Sheer Force,475.0,55.0,130.0,115.0,50.0,50.0,75.0,60.0,70.0,166.0,Medium Fast,50.0,1.0,0.5,0.5,2.0,2.0,0.5,1.0,1.0,1.0,1.0,1.0,1.0,1.0,1.0,1.0,1.0,0.5,1.0
U,106,Hitmonlee,1,Normal,Kicking Pokémon,1,Luchador,,1.5,49.8,3,Limber,Reckless,Unburden,455.0,50.0,120.0,53.0,35.0,110.0,87.0,45.0,70.0,159.0,Medium Fast,100.0,1.0,1.0,1.0,1.0,1.0,1.0,1.0,1.0,1.0,2.0,2.0,0.5,0.5,1.0,1.0,0.5,1.0,2.0
U,107,Hitmonchan,1,Normal,Punching Pokémon,1,Luchador,,1.4,50.2,3,Keen Eye,Iron Fist,Inner Focus,455.0,50.0,105.0,79.0,35.0,110.0,76.0,45.0,70.0,159.0,Medium Fast,100.0,1.0,1.0,1.0,1.0,1.0,1.0,1.0,1.0,1.0,2.0,2.0,0.5,0.5,1.0,1.0,0.5,1.0,2.0
P,109,Koffing,1,Normal,Poison Gas Pokémon,1,Posión,,0.6,1.0,3,Levitate,Neutralizing Gas,Stench,340.0,40.0,65.0,95.0,60.0,45.0,35.0,190.0,70.0,68.0,Medium Fast,50.0,1.0,1.0,1.0,1.0,0.5,1.0,0.5,0.5,0.0,1.0,2.0,0.5,1.0,1.0,1.0,1.0,1.0,0.5
U,110,Weezing,1,Normal,Poison Gas Pokémon,1,Posión,,1.2,9.5,3,Levitate,Neutralizing Gas,Stench,490.0,65.0,90.0,120.0,85.0,70.0,60.0,60.0,70.0,172.0,Medium Fast,50.0,1.0,1.0,1.0,1.0,0.5,1.0,0.5,0.5,0.0,1.0,2.0,0.5,1.0,1.0,1.0,1.0,1.0,0.5
P,111,Rhyhorn,1,Normal,Spikes Pokémon,2,Tierra,Roca,1.0,115.0,3,Lightning Rod,Rock Head,Reckless,345.0,80.0,85.0,95.0,30.0,30.0,25.0,120.0,70.0,69.0,Slow,50.0,0.5,0.5,4.0,0.0,4.0,2.0,2.0,0.25,2.0,0.5,1.0,1.0,0.5,1.0,1.0,1.0,2.0,1.0
I,112,Rhydon,1,Normal,Drill Pokémon,2,Tierra,Roca,1.9,120.0,3,Lightning Rod,Rock Head,Reckless,485.0,105.0,130.0,120.0,45.0,45.0,40.0,60.0,70.0,170.0,Slow,50.0,0.5,0.5,4.0,0.0,4.0,2.0,2.0,0.25,2.0,0.5,1.0,1.0,0.5,1.0,1.0,1.0,2.0,1.0
P,118,Goldeen,1,Normal,Goldfish Pokémon,1,Agua,,0.6,15.0,3,Swift Swim,Water Veil,Lightning Rod,320.0,45.0,67.0,60.0,35.0,50.0,63.0,225.0,70.0,64.0,Medium Fast,50.0,1.0,0.5,0.5,2.0,2.0,0.5,1.0,1.0,1.0,1.0,1.0,1.0,1.0,1.0,1.0,1.0,0.5,1.0
U,119,Seaking,1,Normal,Goldfish Pokémon,1,Agua,,1.3,39.0,3,Swift Swim,Water Veil,Lightning Rod,450.0,80.0,92.0,65.0,65.0,80.0,68.0,60.0,70.0,158.0,Medium Fast,50.0,1.0,0.5,0.5,2.0,2.0,0.5,1.0,1.0,1.0,1.0,1.0,1.0,1.0,1.0,1.0,1.0,0.5,1.0
I,122,MrMime,1,Normal,Barrier Pokémon,2,Psíquico,Hada,1.3,54.5,3,Soundproof,Filter,Technician,460.0,40.0,45.0,65.0,100.0,120.0,90.0,45.0,70.0,161.0,Medium Fast,50.0,1.0,1.0,1.0,1.0,1.0,1.0,0.25,2.0,1.0,1.0,0.5,1.0,1.0,2.0,0.0,1.0,2.0,1.0
P,129,Magikarp,1,Normal,Fish Pokémon,1,Agua,,0.9,10.0,2,Swift Swim,,Rattled,200.0,20.0,10.0,55.0,15.0,20.0,80.0,255.0,70.0,40.0,Slow,50.0,1.0,0.5,0.5,2.0,2.0,0.5,1.0,1.0,1.0,1.0,1.0,1.0,1.0,1.0,1.0,1.0,0.5,1.0
U,130,Gyarados,1,Normal,Atrocious Pokémon,2,Agua,Volador,6.5,235.0,2,Intimidate,,Moxie,540.0,95.0,125.0,79.0,60.0,100.0,81.0,45.0,70.0,189.0,Slow,50.0,1.0,0.5,0.5,4.0,1.0,1.0,0.5,1.0,0.0,1.0,1.0,0.5,2.0,1.0,1.0,1.0,0.5,1.0
U,131,Lapras,1,Normal,Transport Pokémon,2,Agua,Hielo,2.5,220.0,3,Water Absorb,Shell Armor,Hydration,535.0,130.0,85.0,80.0,85.0,95.0,60.0,45.0,70.0,187.0,Slow,50.0,1.0,1.0,0.0,2.0,2.0,0.25,2.0,1.0,1.0,1.0,1.0,1.0,2.0,1.0,1.0,1.0,1.0,1.0
U,132,Ditto,1,Normal,Transform Pokémon,1,Normal,,0.3,4.0,2,Limber,,Imposter,288.0,48.0,48.0,48.0,48.0,48.0,48.0,35.0,70.0,101.0,Medium Fast,,1.0,1.0,1.0,1.0,1.0,1.0,2.0,1.0,1.0,1.0,1.0,1.0,1.0,0.0,1.0,1.0,1.0,1.0
P,133,Eevee,1,Normal,Evolution Pokémon,1,Normal,,0.3,6.5,3,Run Away,Adaptability,Anticipation,325.0,55.0,55.0,50.0,45.0,65.0,55.0,45.0,70.0,65.0,Medium Fast,87.5,1.0,1.0,1.0,1.0,1.0,1.0,2.0,1.0,1.0,1.0,1.0,1.0,1.0,0.0,1.0,1.0,1.0,1.0
U,134,Vaporeon,1,Normal,Bubble Jet Pokémon,1,Agua,,1.0,29.0,2,Water Absorb,,Hydration,525.0,130.0,65.0,60.0,110.0,95.0,65.0,45.0,70.0,184.0,Medium Fast,87.5,1.0,0.5,0.0,2.0,2.0,0.5,1.0,1.0,1.0,1.0,1.0,1.0,1.0,1.0,1.0,1.0,0.5,1.0
U,135,Jolteon,1,Normal,Lightning Pokémon,1,Eléctrico,,0.8,24.5,2,Volt Absorb,,Quick Feet,525.0,65.0,65.0,60.0,110.0,95.0,130.0,45.0,70.0,184.0,Medium Fast,87.5,1.0,1.0,1.0,0.0,1.0,1.0,1.0,1.0,2.0,0.5,1.0,1.0,1.0,1.0,1.0,1.0,0.5,1.0
U,136,Flareon,1,Normal,Flame Pokémon,1,Fuego,,0.9,25.0,2,Flash Fire,,Guts,525.0,65.0,130.0,60.0,95.0,110.0,65.0,45.0,70.0,184.0,Medium Fast,87.5,1.0,0.0,2.0,1.0,0.5,0.5,1.0,1.0,2.0,1.0,1.0,0.5,2.0,1.0,1.0,1.0,0.5,0.5
U,143,Snorlax,1,Normal,Sleeping Pokémon,1,Normal,,2.1,460.0,3,Immunity,Thick Fat,Gluttony,540.0,160.0,110.0,65.0,65.0,110.0,30.0,25.0,70.0,189.0,Slow,87.5,1.0,1.0,1.0,1.0,1.0,1.0,2.0,1.0,1.0,1.0,1.0,1.0,1.0,0.0,1.0,1.0,1.0,1.0
P,163,Hoothoot,2,Normal,Owl Pokémon,2,Normal,Volador,0.7,21.2,3,Insomnia,Keen Eye,Tinted Lens,262.0,60.0,30.0,30.0,36.0,56.0,50.0,255.0,70.0,52.0,Medium Fast,50.0,1.0,1.0,1.0,2.0,0.5,2.0,1.0,1.0,0.0,1.0,1.0,0.5,2.0,0.0,1.0,1.0,1.0,1.0
U,164,Noctowl,2,Normal,Owl Pokémon,2,Normal,Volador,1.6,40.8,3,Insomnia,Keen Eye,Tinted Lens,452.0,100.0,50.0,50.0,86.0,96.0,70.0,90.0,70.0,158.0,Medium Fast,50.0,1.0,1.0,1.0,2.0,0.5,2.0,1.0,1.0,0.0,1.0,1.0,0.5,2.0,0.0,1.0,1.0,1.0,1.0
P,170,Chinchou,2,Normal,Angler Pokémon,2,Agua,Eléctrico,0.5,12.0,3,Volt Absorb,Illuminate,Water Absorb,330.0,75.0,38.0,38.0,56.0,56.0,67.0,190.0,70.0,66.0,Slow,50.0,1.0,0.5,0.5,0.0,2.0,0.5,1.0,1.0,2.0,0.5,1.0,1.0,1.0,1.0,1.0,1.0,0.25,1.0
U,171,Lanturn,2,Normal,Light Pokémon,2,Agua,Eléctrico,1.2,22.5,3,Volt Absorb,Illuminate,Water Absorb,460.0,125.0,58.0,58.0,76.0,76.0,67.0,75.0,70.0,161.0,Slow,50.0,1.0,0.5,0.5,0.0,2.0,0.5,1.0,1.0,2.0,0.5,1.0,1.0,1.0,1.0,1.0,1.0,0.25,1.0
P,172,Pichu,2,Normal,Tiny Mouse Pokémon,1,Eléctrico,,0.3,2.0,2,Static,,Lightning Rod,205.0,20.0,40.0,15.0,35.0,35.0,60.0,190.0,70.0,41.0,Medium Fast,50.0,1.0,1.0,1.0,0.5,1.0,1.0,1.0,1.0,2.0,0.5,1.0,1.0,1.0,1.0,1.0,1.0,0.5,1.0
P,173,Cleffa,2,Normal,Star Shape Pokémon,1,Hada,,0.3,3.0,3,Cute Charm,Magic Guard,Friend Guard,218.0,50.0,25.0,28.0,45.0,55.0,15.0,150.0,140.0,44.0,Fast,25.0,1.0,1.0,1.0,1.0,1.0,1.0,0.5,2.0,1.0,1.0,1.0,0.5,1.0,1.0,0.0,0.5,2.0,1.0
P,175,Togepi,2,Normal,Spike Ball Pokémon,1,Hada,,0.3,1.5,3,Hustle,Serene Grace,Super Luck,245.0,35.0,20.0,65.0,40.0,65.0,20.0,190.0,70.0,49.0,Fast,87.5,1.0,1.0,1.0,1.0,1.0,1.0,0.5,2.0,1.0,1.0,1.0,0.5,1.0,1.0,0.0,0.5,2.0,1.0
I,176,Togetic,2,Normal,Happiness Pokémon,2,Hada,Volador,0.6,3.2,3,Hustle,Serene Grace,Super Luck,405.0,55.0,40.0,85.0,80.0,105.0,40.0,75.0,70.0,142.0,Fast,87.5,1.0,1.0,1.0,2.0,0.5,2.0,0.25,2.0,0.0,1.0,1.0,0.25,2.0,1.0,0.0,0.5,2.0,1.0
P,177,Natu,2,Normal,Tiny Bird Pokémon,2,Psíquico,Volador,0.2,2.0,3,Synchronize,Early Bird,Magic Bounce,320.0,40.0,50.0,45.0,70.0,45.0,70.0,190.0,70.0,64.0,Medium Fast,50.0,1.0,1.0,1.0,2.0,0.5,2.0,0.25,1.0,0.0,1.0,0.5,1.0,2.0,2.0,1.0,2.0,1.0,1.0
U,178,Xatu,2,Normal,Mystic Pokémon,2,Psíquico,Volador,1.5,15.0,3,Synchronize,Early Bird,Magic Bounce,470.0,65.0,75.0,70.0,95.0,70.0,95.0,75.0,70.0,165.0,Medium Fast,50.0,1.0,1.0,1.0,2.0,0.5,2.0,0.25,1.0,0.0,1.0,0.5,1.0,2.0,2.0,1.0,2.0,1.0,1.0
U,182,Bellossom,2,Normal,Flower Pokémon,1,Planta,,0.4,5.8,2,Chlorophyll,,Healer,490.0,75.0,80.0,95.0,90.0,100.0,50.0,45.0,70.0,221.0,Medium Slow,50.0,1.0,2.0,0.5,0.5,0.5,2.0,1.0,2.0,0.5,2.0,1.0,2.0,1.0,1.0,1.0,1.0,1.0,1.0
U,185,Sudowoodo,2,Normal,Imitation Pokémon,1,Roca,,1.2,38.0,3,Sturdy,Rock Head,Rattled,410.0,70.0,100.0,115.0,30.0,65.0,30.0,65.0,70.0,144.0,Medium Fast,50.0,0.5,0.5,2.0,1.0,2.0,1.0,2.0,0.5,2.0,0.5,1.0,1.0,1.0,1.0,1.0,1.0,2.0,1.0
P,194,Wooper,2,Normal,Water Fish Pokémon,2,Agua,Tierra,0.4,8.5,3,Damp,Water Absorb,Unaware,210.0,55.0,45.0,45.0,25.0,25.0,15.0,255.0,70.0,42.0,Medium Fast,50.0,1.0,0.5,1.0,0.0,4.0,1.0,1.0,0.5,1.0,1.0,1.0,1.0,0.5,1.0,1.0,1.0,0.5,1.0
U,195,Quagsire,2,Normal,Water Fish Pokémon,2,Agua,Tierra,1.4,75.0,3,Damp,Water Absorb,Unaware,430.0,95.0,85.0,85.0,65.0,65.0,35.0,90.0,70.0,151.0,Medium Fast,50.0,1.0,0.5,1.0,0.0,4.0,1.0,1.0,0.5,1.0,1.0,1.0,1.0,0.5,1.0,1.0,1.0,0.5,1.0
U,196,Espeon,2,Normal,Sun Pokémon,1,Psíquico,,0.9,26.5,2,Synchronize,,Magic Bounce,525.0,65.0,65.0,60.0,130.0,95.0,110.0,45.0,70.0,184.0,Medium Fast,87.5,1.0,1.0,1.0,1.0,1.0,1.0,0.5,1.0,1.0,1.0,0.5,2.0,1.0,2.0,1.0,2.0,1.0,1.0
U,197,Umbreon,2,Normal,Moonlight Pokémon,1,Oscuridad,,1.0,27.0,2,Synchronize,,Inner Focus,525.0,95.0,65.0,110.0,60.0,130.0,65.0,45.0,35.0,184.0,Medium Fast,87.5,1.0,1.0,1.0,1.0,1.0,1.0,2.0,1.0,1.0,1.0,0.0,2.0,1.0,0.5,1.0,0.5,1.0,2.0
U,202,Wobbuffet,2,Normal,Patient Pokémon,1,Psíquico,,1.3,28.5,2,Shadow Tag,,Telepathy,405.0,190.0,33.0,58.0,33.0,58.0,33.0,45.0,70.0,142.0,Medium Fast,50.0,1.0,1.0,1.0,1.0,1.0,1.0,0.5,1.0,1.0,1.0,0.5,2.0,1.0,2.0,1.0,2.0,1.0,1.0
U,208,Steelix,2,Normal,Iron Snake Pokémon,2,Acero,Tierra,9.2,400.0,3,Rock Head,Sturdy,Sheer Force,510.0,75.0,85.0,200.0,55.0,65.0,30.0,25.0,70.0,179.0,Medium Fast,50.0,0.5,2.0,2.0,0.0,1.0,1.0,2.0,0.0,2.0,0.5,0.5,0.5,0.25,1.0,0.5,1.0,0.5,0.5
U,211,Qwilfish,2,Normal,Balloon Pokémon,2,Agua,Posión,0.5,3.9,3,Poison Point,Swift Swim,Intimidate,440.0,65.0,95.0,85.0,55.0,55.0,85.0,45.0,70.0,88.0,Medium Fast,50.0,1.0,0.5,0.5,2.0,1.0,0.5,0.5,0.5,2.0,1.0,2.0,0.5,1.0,1.0,1.0,1.0,0.5,0.5
U,213,Shuckle,2,Normal,Mold Pokémon,2,Bicho,Roca,0.6,20.5,3,Sturdy,Gluttony,Contrary,505.0,20.0,10.0,230.0,10.0,230.0,5.0,190.0,70.0,177.0,Medium Slow,50.0,0.5,1.0,2.0,1.0,1.0,1.0,1.0,0.5,1.0,1.0,1.0,1.0,2.0,1.0,1.0,1.0,2.0,1.0
P,215,Sneasel,2,Normal,Sharp Claw Pokémon,2,Oscuridad,Hielo,0.9,28.0,3,Inner Focus,Keen Eye,Pickpocket,430.0,55.0,95.0,55.0,35.0,75.0,115.0,60.0,35.0,86.0,Medium Slow,50.0,1.0,2.0,1.0,1.0,1.0,0.5,4.0,1.0,1.0,1.0,0.0,2.0,2.0,0.5,1.0,0.5,2.0,2.0
P,220,Swinub,2,Normal,Pig Pokémon,2,Hielo,Tierra,0.4,6.5,3,Oblivious,Snow Cloak,Thick Fat,250.0,50.0,50.0,40.0,30.0,30.0,50.0,225.0,70.0,50.0,Slow,50.0,1.0,2.0,2.0,0.0,2.0,1.0,2.0,0.5,1.0,1.0,1.0,1.0,1.0,1.0,1.0,1.0,2.0,1.0
I,221,Piloswine,2,Normal,Swine Pokémon,2,Hielo,Tierra,1.1,55.8,3,Oblivious,Snow Cloak,Thick Fat,450.0,100.0,100.0,80.0,60.0,60.0,50.0,75.0,70.0,158.0,Slow,50.0,1.0,2.0,2.0,0.0,2.0,1.0,2.0,0.5,1.0,1.0,1.0,1.0,1.0,1.0,1.0,1.0,2.0,1.0
P,222,Corsola,2,Normal,Coral Pokémon,2,Agua,Roca,0.6,5.0,3,Hustle,Natural Cure,Regenerator,410.0,65.0,55.0,95.0,65.0,95.0,35.0,60.0,70.0,144.0,Fast,25.0,0.5,0.25,1.0,2.0,4.0,0.5,2.0,0.5,2.0,0.5,1.0,1.0,1.0,1.0,1.0,1.0,1.0,1.0
P,223,Remoraid,2,Normal,Jet Pokémon,1,Agua,,0.6,12.0,3,Hustle,Sniper,Moody,300.0,35.0,65.0,35.0,65.0,35.0,65.0,190.0,70.0,60.0,Medium Fast,50.0,1.0,0.5,0.5,2.0,2.0,0.5,1.0,1.0,1.0,1.0,1.0,1.0,1.0,1.0,1.0,1.0,0.5,1.0
U,224,Octillery,2,Normal,Jet Pokémon,1,Agua,,0.9,28.5,3,Suction Cups,Sniper,Moody,480.0,75.0,105.0,75.0,105.0,75.0,45.0,75.0,70.0,168.0,Medium Fast,50.0,1.0,0.5,0.5,2.0,2.0,0.5,1.0,1.0,1.0,1.0,1.0,1.0,1.0,1.0,1.0,1.0,0.5,1.0
U,225,Delibird,2,Normal,Delivery Pokémon,2,Hielo,Volador,0.9,16.0,3,Vital Spirit,Hustle,Insomnia,330.0,45.0,55.0,45.0,65.0,45.0,75.0,45.0,70.0,116.0,Fast,50.0,1.0,2.0,1.0,2.0,0.5,1.0,1.0,1.0,0.0,1.0,1.0,0.5,4.0,1.0,1.0,1.0,2.0,1.0
U,226,Mantine,2,Normal,Kite Pokémon,2,Agua,Volador,2.1,220.0,3,Swift Swim,Water Absorb,Water Veil,485.0,85.0,40.0,70.0,80.0,140.0,70.0,25.0,70.0,170.0,Slow,50.0,1.0,0.5,0.5,4.0,1.0,1.0,0.5,1.0,0.0,1.0,1.0,0.5,2.0,1.0,1.0,1.0,0.5,1.0
P,236,Tyrogue,2,Normal,Scuffle Pokémon,1,Luchador,,0.7,21.0,3,Guts,Steadfast,Vital Spirit,210.0,35.0,35.0,35.0,35.0,35.0,35.0,75.0,70.0,42.0,Medium Fast,100.0,1.0,1.0,1.0,1.0,1.0,1.0,1.0,1.0,1.0,2.0,2.0,0.5,0.5,1.0,1.0,0.5,1.0,2.0
U,237,Hitmontop,2,Normal,Handstand Pokémon,1,Luchador,,1.4,48.0,3,Intimidate,Technician,Steadfast,455.0,50.0,95.0,95.0,35.0,110.0,70.0,45.0,70.0,159.0,Medium Fast,100.0,1.0,1.0,1.0,1.0,1.0,1.0,1.0,1.0,1.0,2.0,2.0,0.5,0.5,1.0,1.0,0.5,1.0,2.0
P,246,Larvitar,2,Normal,Rock Skin Pokémon,2,Roca,Tierra,0.6,72.0,2,Guts,,Sand Veil,300.0,50.0,64.0,50.0,45.0,50.0,41.0,45.0,35.0,60.0,Slow,50.0,0.5,0.5,4.0,0.0,4.0,2.0,2.0,0.25,2.0,0.5,1.0,1.0,0.5,1.0,1.0,1.0,2.0,1.0
I,247,Pupitar,2,Normal,Hard Shell Pokémon,2,Roca,Tierra,1.2,152.0,1,Shed Skin,,,410.0,70.0,84.0,70.0,65.0,70.0,51.0,45.0,35.0,144.0,Slow,50.0,0.5,0.5,4.0,0.0,4.0,2.0,2.0,0.25,2.0,0.5,1.0,1.0,0.5,1.0,1.0,1.0,2.0,1.0
U,248,Tyranitar,2,Normal,Armor Pokémon,2,Roca,Oscuridad,2.0,202.0,2,Sand Stream,,Unnerve,600.0,100.0,134.0,110.0,95.0,100.0,61.0,45.0,35.0,270.0,Slow,50.0,0.5,0.5,2.0,1.0,2.0,1.0,4.0,0.5,2.0,0.5,0.0,2.0,1.0,0.5,1.0,0.5,2.0,2.0
P,263,Zigzagoon,3,Normal,TinyRaccoon Pokémon,1,Normal,,0.4,17.5,3,Pickup,Gluttony,Quick Feet,240.0,38.0,30.0,41.0,30.0,41.0,60.0,255.0,70.0,56.0,Medium Fast,50.0,1.0,1.0,1.0,1.0,1.0,1.0,2.0,1.0,1.0,1.0,1.0,1.0,1.0,0.0,1.0,1.0,1.0,1.0
U,264,Linoone,3,Normal,Rushing Pokémon,1,Normal,,0.5,32.5,3,Pickup,Gluttony,Quick Feet,420.0,78.0,70.0,61.0,50.0,61.0,100.0,90.0,70.0,147.0,Medium Fast,50.0,1.0,1.0,1.0,1.0,1.0,1.0,2.0,1.0,1.0,1.0,1.0,1.0,1.0,0.0,1.0,1.0,1.0,1.0
P,270,Lotad,3,Normal,Water Weed Pokémon,2,Agua,Planta,0.5,2.6,3,Swift Swim,Rain Dish,Own Tempo,220.0,40.0,30.0,30.0,40.0,50.0,30.0,255.0,70.0,44.0,Medium Slow,50.0,1.0,1.0,0.25,1.0,1.0,1.0,1.0,2.0,0.5,2.0,1.0,2.0,1.0,1.0,1.0,1.0,0.5,1.0
I,271,Lombre,3,Normal,Jolly Pokémon,2,Agua,Planta,1.2,32.5,3,Swift Swim,Rain Dish,Own Tempo,340.0,60.0,50.0,50.0,60.0,70.0,50.0,120.0,70.0,119.0,Medium Slow,50.0,1.0,1.0,0.25,1.0,1.0,1.0,1.0,2.0,0.5,2.0,1.0,2.0,1.0,1.0,1.0,1.0,0.5,1.0
U,272,Ludicolo,3,Normal,Carefree Pokémon,2,Agua,Planta,1.5,55.0,3,Swift Swim,Rain Dish,Own Tempo,480.0,80.0,70.0,70.0,90.0,100.0,70.0,45.0,70.0,216.0,Medium Slow,50.0,1.0,1.0,0.25,1.0,1.0,1.0,1.0,2.0,0.5,2.0,1.0,2.0,1.0,1.0,1.0,1.0,0.5,1.0
P,273,Seedot,3,Normal,Acorn Pokémon,1,Planta,,0.5,4.0,3,Chlorophyll,Early Bird,Pickpocket,220.0,40.0,40.0,50.0,30.0,30.0,30.0,255.0,70.0,44.0,Medium Slow,50.0,1.0,2.0,0.5,0.5,0.5,2.0,1.0,2.0,0.5,2.0,1.0,2.0,1.0,1.0,1.0,1.0,1.0,1.0
I,274,Nuzleaf,3,Normal,Wily Pokémon,2,Planta,Oscuridad,1.0,28.0,3,Chlorophyll,Early Bird,Pickpocket,340.0,70.0,70.0,40.0,60.0,40.0,60.0,120.0,70.0,119.0,Medium Slow,50.0,1.0,2.0,0.5,0.5,0.5,2.0,2.0,2.0,0.5,2.0,0.0,4.0,1.0,0.5,1.0,0.5,1.0,2.0
U,275,Shiftry,3,Normal,Wicked Pokémon,2,Planta,Oscuridad,1.3,59.6,3,Chlorophyll,Early Bird,Pickpocket,480.0,90.0,100.0,60.0,90.0,60.0,80.0,45.0,70.0,216.0,Medium Slow,50.0,1.0,2.0,0.5,0.5,0.5,2.0,2.0,2.0,0.5,2.0,0.0,4.0,1.0,0.5,1.0,0.5,1.0,2.0
P,278,Wingull,3,Normal,Seagull Pokémon,2,Agua,Volador,0.6,9.5,3,Keen Eye,Hydration,Rain Dish,270.0,40.0,30.0,30.0,55.0,30.0,85.0,190.0,70.0,54.0,Medium Fast,50.0,1.0,0.5,0.5,4.0,1.0,1.0,0.5,1.0,0.0,1.0,1.0,0.5,2.0,1.0,1.0,1.0,0.5,1.0
U,279,Pelipper,3,Normal,Water Bird Pokémon,2,Agua,Volador,1.2,28.0,3,Keen Eye,Drizzle,Rain Dish,440.0,60.0,50.0,100.0,95.0,70.0,65.0,45.0,70.0,154.0,Medium Fast,50.0,1.0,0.5,0.5,4.0,1.0,1.0,0.5,1.0,0.0,1.0,1.0,0.5,2.0,1.0,1.0,1.0,0.5,1.0
P,280,Ralts,3,Normal,Feeling Pokémon,2,Psíquico,Hada,0.4,6.6,3,Synchronize,Trace,Telepathy,198.0,28.0,25.0,25.0,45.0,35.0,40.0,235.0,35.0,40.0,Slow,50.0,1.0,1.0,1.0,1.0,1.0,1.0,0.25,2.0,1.0,1.0,0.5,1.0,1.0,2.0,0.0,1.0,2.0,1.0
I,281,Kirlia,3,Normal,Emotion Pokémon,2,Psíquico,Hada,0.8,20.2,3,Synchronize,Trace,Telepathy,278.0,38.0,35.0,35.0,65.0,55.0,50.0,120.0,35.0,97.0,Slow,50.0,1.0,1.0,1.0,1.0,1.0,1.0,0.25,2.0,1.0,1.0,0.5,1.0,1.0,2.0,0.0,1.0,2.0,1.0
U,282,Gardevoir,3,Normal,Embrace Pokémon,2,Psíquico,Hada,1.6,48.4,3,Synchronize,Trace,Telepathy,518.0,68.0,65.0,65.0,125.0,115.0,80.0,45.0,35.0,233.0,Slow,50.0,1.0,1.0,1.0,1.0,1.0,1.0,0.25,2.0,1.0,1.0,0.5,1.0,1.0,2.0,0.0,1.0,2.0,1.0
P,290,Nincada,3,Normal,Trainee Pokémon,2,Bicho,Tierra,0.5,5.5,2,Compound Eyes,,Run Away,266.0,31.0,45.0,90.0,30.0,30.0,40.0,255.0,70.0,53.0,Erratic,50.0,1.0,2.0,2.0,0.0,1.0,2.0,0.5,0.5,0.5,2.0,1.0,1.0,1.0,1.0,1.0,1.0,1.0,1.0
U,291,Ninjask,3,Normal,Ninja Pokémon,2,Bicho,Volador,0.8,12.0,2,Speed Boost,,Infiltrator,456.0,61.0,90.0,45.0,50.0,50.0,160.0,120.0,70.0,160.0,Erratic,50.0,1.0,2.0,1.0,2.0,0.25,2.0,0.25,1.0,0.0,2.0,1.0,0.5,4.0,1.0,1.0,1.0,1.0,1.0
U,292,Shedinja,3,Normal,Shed Pokémon,2,Bicho,Fantasma,0.8,1.2,1,Wonder Guard,,,236.0,1.0,90.0,45.0,30.0,30.0,40.0,45.0,70.0,83.0,Erratic,,0.0,2.0,0.0,0.0,0.0,0.0,0.0,0.0,0.0,2.0,0.0,0.0,2.0,2.0,0.0,2.0,0.0,0.0
U,302,Sableye,3,Normal,Darkness Pokémon,2,Oscuridad,Fantasma,0.5,11.0,3,Keen Eye,Stall,Prankster,380.0,50.0,75.0,75.0,65.0,65.0,50.0,45.0,35.0,133.0,Medium Slow,50.0,0.0,1.0,1.0,1.0,1.0,1.0,0.0,0.5,1.0,1.0,0.0,1.0,1.0,1.0,1.0,1.0,1.0,2.0
U,303,Mawile,3,Normal,Deceiver Pokémon,2,Acero,Hada,0.6,11.5,3,Hyper Cutter,Intimidate,Sheer Force,380.0,50.0,85.0,85.0,55.0,55.0,50.0,45.0,70.0,133.0,Fast,50.0,0.5,2.0,1.0,1.0,0.5,0.5,1.0,0.0,2.0,0.5,0.5,0.25,0.5,1.0,0.0,0.5,1.0,0.5
P,309,Electrike,3,Normal,Lightning Pokémon,1,Eléctrico,,0.6,15.2,3,Static,Lightning Rod,Minus,295.0,40.0,45.0,40.0,65.0,40.0,65.0,120.0,70.0,59.0,Slow,50.0,1.0,1.0,1.0,0.5,1.0,1.0,1.0,1.0,2.0,0.5,1.0,1.0,1.0,1.0,1.0,1.0,0.5,1.0
U,310,Manectric,3,Normal,Discharge Pokémon,1,Eléctrico,,1.5,40.2,3,Static,Lightning Rod,Minus,475.0,70.0,75.0,60.0,105.0,60.0,105.0,45.0,70.0,166.0,Slow,50.0,1.0,1.0,1.0,0.5,1.0,1.0,1.0,1.0,2.0,0.5,1.0,1.0,1.0,1.0,1.0,1.0,0.5,1.0
I,315,Roselia,3,Normal,Thorn Pokémon,2,Planta,Posión,0.3,2.0,3,Natural Cure,Poison Point,Leaf Guard,400.0,50.0,60.0,45.0,100.0,80.0,65.0,150.0,70.0,140.0,Medium Slow,50.0,1.0,2.0,0.5,0.5,0.25,2.0,0.5,1.0,1.0,2.0,2.0,1.0,1.0,1.0,1.0,1.0,1.0,0.5
P,320,Wailmer,3,Normal,Ball Whale Pokémon,1,Agua,,2.0,130.0,3,Water Veil,Oblivious,Pressure,400.0,130.0,70.0,35.0,70.0,35.0,60.0,125.0,70.0,80.0,Fluctuating,50.0,1.0,0.5,0.5,2.0,2.0,0.5,1.0,1.0,1.0,1.0,1.0,1.0,1.0,1.0,1.0,1.0,0.5,1.0
U,321,Wailord,3,Normal,Float Whale Pokémon,1,Agua,,14.5,398.0,3,Water Veil,Oblivious,Pressure,500.0,170.0,90.0,45.0,90.0,45.0,60.0,60.0,70.0,175.0,Fluctuating,50.0,1.0,0.5,0.5,2.0,2.0,0.5,1.0,1.0,1.0,1.0,1.0,1.0,1.0,1.0,1.0,1.0,0.5,1.0
U,324,Torkoal,3,Normal,Coal Pokémon,1,Fuego,,0.5,80.4,3,White Smoke,Drought,Shell Armor,470.0,70.0,85.0,140.0,85.0,70.0,20.0,90.0,70.0,165.0,Medium Fast,50.0,1.0,0.5,2.0,1.0,0.5,0.5,1.0,1.0,2.0,1.0,1.0,0.5,2.0,1.0,1.0,1.0,0.5,0.5
P,328,Trapinch,3,Normal,Ant Pit Pokémon,1,Tierra,,0.7,15.0,3,Hyper Cutter,Arena Trap,Sheer Force,290.0,45.0,100.0,45.0,45.0,45.0,10.0,255.0,70.0,58.0,Medium Slow,50.0,1.0,1.0,2.0,0.0,2.0,2.0,1.0,0.5,1.0,1.0,1.0,1.0,0.5,1.0,1.0,1.0,1.0,1.0
I,329,Vibrava,3,Normal,Vibration Pokémon,2,Tierra,Dragón,1.1,15.3,1,Levitate,,,340.0,50.0,70.0,50.0,50.0,50.0,70.0,120.0,70.0,119.0,Medium Slow,50.0,1.0,0.5,1.0,0.0,1.0,4.0,1.0,0.5,0.0,1.0,1.0,1.0,0.5,1.0,2.0,1.0,1.0,2.0
U,330,Flygon,3,Normal,Mystic Pokémon,2,Tierra,Dragón,2.0,82.0,1,Levitate,,,520.0,80.0,100.0,80.0,80.0,80.0,100.0,45.0,70.0,234.0,Medium Slow,50.0,1.0,0.5,1.0,0.0,1.0,4.0,1.0,0.5,0.0,1.0,1.0,1.0,0.5,1.0,2.0,1.0,1.0,2.0
U,337,Lunatone,3,Normal,Meteorite Pokémon,2,Roca,Psíquico,1.0,168.0,1,Levitate,,,460.0,90.0,55.0,65.0,95.0,85.0,70.0,45.0,70.0,161.0,Fast,,0.5,0.5,2.0,1.0,2.0,1.0,1.0,0.5,0.0,0.5,0.5,2.0,1.0,2.0,1.0,2.0,2.0,1.0
U,338,Solrock,3,Normal,Meteorite Pokémon,2,Roca,Psíquico,1.2,154.0,1,Levitate,,,460.0,90.0,95.0,85.0,55.0,65.0,70.0,45.0,70.0,161.0,Fast,,0.5,0.5,2.0,1.0,2.0,1.0,1.0,0.5,0.0,0.5,0.5,2.0,1.0,2.0,1.0,2.0,2.0,1.0
P,339,Barboach,3,Normal,Whiskers Pokémon,2,Agua,Tierra,0.4,1.9,3,Oblivious,Anticipation,Hydration,288.0,50.0,48.0,43.0,46.0,41.0,60.0,190.0,70.0,58.0,Medium Fast,50.0,1.0,0.5,1.0,0.0,4.0,1.0,1.0,0.5,1.0,1.0,1.0,1.0,0.5,1.0,1.0,1.0,0.5,1.0
U,340,Whiscash,3,Normal,Whiskers Pokémon,2,Agua,Tierra,0.9,23.6,3,Oblivious,Anticipation,Hydration,468.0,110.0,78.0,73.0,76.0,71.0,60.0,75.0,70.0,164.0,Medium Fast,50.0,1.0,0.5,1.0,0.0,4.0,1.0,1.0,0.5,1.0,1.0,1.0,1.0,0.5,1.0,1.0,1.0,0.5,1.0
P,341,Corphish,3,Normal,Ruffian Pokémon,1,Agua,,0.6,11.5,3,Hyper Cutter,Shell Armor,Adaptability,308.0,43.0,80.0,65.0,50.0,35.0,35.0,205.0,70.0,62.0,Fluctuating,50.0,1.0,0.5,0.5,2.0,2.0,0.5,1.0,1.0,1.0,1.0,1.0,1.0,1.0,1.0,1.0,1.0,0.5,1.0
U,342,Crawdaunt,3,Normal,Rogue Pokémon,2,Agua,Oscuridad,1.1,32.8,3,Hyper Cutter,Shell Armor,Adaptability,468.0,63.0,120.0,85.0,90.0,55.0,55.0,155.0,70.0,164.0,Fluctuating,50.0,1.0,0.5,0.5,2.0,2.0,0.5,2.0,1.0,1.0,1.0,0.0,2.0,1.0,0.5,1.0,0.5,0.5,2.0
P,343,Baltoy,3,Normal,Clay Doll Pokémon,2,Tierra,Psíquico,0.5,21.5,1,Levitate,,,300.0,40.0,40.0,55.0,40.0,70.0,55.0,255.0,70.0,60.0,Medium Fast,,1.0,1.0,2.0,0.0,2.0,2.0,0.5,0.5,0.0,1.0,0.5,2.0,0.5,2.0,1.0,2.0,1.0,1.0
U,344,Claydol,3,Normal,Clay Doll Pokémon,2,Tierra,Psíquico,1.5,108.0,1,Levitate,,,500.0,60.0,70.0,105.0,70.0,120.0,75.0,90.0,70.0,175.0,Medium Fast,,1.0,1.0,2.0,0.0,2.0,2.0,0.5,0.5,0.0,1.0,0.5,2.0,0.5,2.0,1.0,2.0,1.0,1.0
P,349,Feebas,3,Normal,Fish Pokémon,1,Agua,,0.6,7.4,3,Swift Swim,Oblivious,Adaptability,200.0,20.0,15.0,20.0,10.0,55.0,80.0,255.0,70.0,40.0,Erratic,50.0,1.0,0.5,0.5,2.0,2.0,0.5,1.0,1.0,1.0,1.0,1.0,1.0,1.0,1.0,1.0,1.0,0.5,1.0
U,350,Milotic,3,Normal,Tender Pokémon,1,Agua,,6.2,162.0,3,Marvel Scale,Competitive,Cute Charm,540.0,95.0,60.0,79.0,100.0,125.0,81.0,60.0,70.0,189.0,Erratic,50.0,1.0,0.5,0.5,2.0,2.0,0.5,1.0,1.0,1.0,1.0,1.0,1.0,1.0,1.0,1.0,1.0,0.5,1.0
P,355,Duskull,3,Normal,Requiem Pokémon,1,Fantasma,,0.8,15.0,2,Levitate,,Frisk,295.0,20.0,40.0,90.0,30.0,90.0,25.0,190.0,35.0,59.0,Fast,50.0,0.0,1.0,1.0,1.0,1.0,1.0,0.0,0.5,0.0,1.0,1.0,0.5,1.0,2.0,1.0,2.0,1.0,1.0
I,356,Dusclops,3,Normal,Beckon Pokémon,1,Fantasma,,1.6,30.6,2,Pressure,,Frisk,455.0,40.0,70.0,130.0,60.0,130.0,25.0,90.0,35.0,159.0,Fast,50.0,0.0,1.0,1.0,1.0,1.0,1.0,0.0,0.5,1.0,1.0,1.0,0.5,1.0,2.0,1.0,2.0,1.0,1.0
P,360,Wynaut,3,Normal,Bright Pokémon,1,Psíquico,,0.6,14.0,2,Shadow Tag,,Telepathy,260.0,95.0,23.0,48.0,23.0,48.0,23.0,125.0,70.0,52.0,Medium Fast,50.0,1.0,1.0,1.0,1.0,1.0,1.0,0.5,1.0,1.0,1.0,0.5,2.0,1.0,2.0,1.0,2.0,1.0,1.0
P,361,Snorunt,3,Normal,Snow Hat Pokémon,1,Hielo,,0.7,16.8,3,Inner Focus,Ice Body,Moody,300.0,50.0,50.0,50.0,50.0,50.0,50.0,190.0,70.0,60.0,Medium Fast,50.0,1.0,2.0,1.0,1.0,1.0,0.5,2.0,1.0,1.0,1.0,1.0,1.0,2.0,1.0,1.0,1.0,2.0,1.0
U,362,Glalie,3,Normal,Face Pokémon,1,Hielo,,1.5,256.5,3,Inner Focus,Ice Body,Moody,480.0,80.0,80.0,80.0,80.0,80.0,80.0,75.0,70.0,168.0,Medium Fast,50.0,1.0,2.0,1.0,1.0,1.0,0.5,2.0,1.0,1.0,1.0,1.0,1.0,2.0,1.0,1.0,1.0,2.0,1.0
P,406,Budew,4,Normal,Bud Pokémon,2,Planta,Posión,0.2,1.2,3,Natural Cure,Poison Point,Leaf Guard,280.0,40.0,30.0,35.0,50.0,70.0,55.0,255.0,70.0,56.0,Medium Slow,50.0,1.0,2.0,0.5,0.5,0.25,2.0,0.5,1.0,1.0,2.0,2.0,1.0,1.0,1.0,1.0,1.0,1.0,0.5
U,407,Roserade,4,Normal,Bouquet Pokémon,2,Planta,Posión,0.9,14.5,3,Natural Cure,Poison Point,Technician,515.0,60.0,70.0,65.0,125.0,105.0,90.0,75.0,70.0,232.0,Medium Slow,50.0,1.0,2.0,0.5,0.5,0.25,2.0,0.5,1.0,1.0,2.0,2.0,1.0,1.0,1.0,1.0,1.0,1.0,0.5
P,415,Combee,4,Normal,Tiny Bee Pokémon,2,Bicho,Volador,0.3,5.5,2,Honey Gather,,Hustle,244.0,30.0,30.0,42.0,30.0,42.0,70.0,120.0,70.0,49.0,Medium Slow,87.5,1.0,2.0,1.0,2.0,0.25,2.0,0.25,1.0,0.0,2.0,1.0,0.5,4.0,1.0,1.0,1.0,1.0,1.0
U,416,Vespiquen,4,Normal,Beehive Pokémon,2,Bicho,Volador,1.2,38.5,2,Pressure,,Unnerve,474.0,70.0,80.0,102.0,80.0,102.0,40.0,45.0,70.0,166.0,Medium Slow,0.0,1.0,2.0,1.0,2.0,0.25,2.0,0.25,1.0,0.0,2.0,1.0,0.5,4.0,1.0,1.0,1.0,1.0,1.0
P,420,Cherubi,4,Normal,Cherry Pokémon,1,Planta,,0.4,3.3,1,Chlorophyll,,,275.0,45.0,35.0,45.0,62.0,53.0,35.0,190.0,70.0,55.0,Medium Fast,50.0,1.0,2.0,0.5,0.5,0.5,2.0,1.0,2.0,0.5,2.0,1.0,2.0,1.0,1.0,1.0,1.0,1.0,1.0
U,421,Cherrim,4,Normal,Blossom Pokémon,1,Planta,,0.5,9.3,1,Flower Gift,,,450.0,70.0,60.0,70.0,87.0,78.0,85.0,75.0,70.0,158.0,Medium Fast,50.0,1.0,2.0,0.5,0.5,0.5,2.0,1.0,2.0,0.5,2.0,1.0,2.0,1.0,1.0,1.0,1.0,1.0,1.0
P,422,Shellos,4,Normal,Sea Slug Pokémon,1,Agua,,0.3,6.3,3,Sticky Hold,Storm Drain,Sand Force,325.0,76.0,48.0,48.0,57.0,62.0,34.0,190.0,70.0,65.0,Medium Fast,50.0,1.0,0.5,0.5,2.0,2.0,0.5,1.0,1.0,1.0,1.0,1.0,1.0,1.0,1.0,1.0,1.0,0.5,1.0
U,423,Gastrodon,4,Normal,Sea Slug Pokémon,2,Agua,Tierra,0.9,29.9,3,Sticky Hold,Storm Drain,Sand Force,475.0,111.0,83.0,68.0,92.0,82.0,39.0,75.0,70.0,166.0,Medium Fast,50.0,1.0,0.5,1.0,0.0,4.0,1.0,1.0,0.5,1.0,1.0,1.0,1.0,0.5,1.0,1.0,1.0,0.5,1.0
P,425,Drifloon,4,Normal,Balloon Pokémon,2,Fantasma,Volador,0.4,1.2,3,Aftermath,Unburden,Flare Boost,348.0,90.0,50.0,34.0,60.0,44.0,70.0,125.0,70.0,70.0,Fluctuating,50.0,0.0,1.0,1.0,2.0,0.5,2.0,0.0,0.5,0.0,1.0,1.0,0.25,2.0,2.0,1.0,2.0,1.0,1.0
U,426,Drifblim,4,Normal,Blimp Pokémon,2,Fantasma,Volador,1.2,15.0,3,Aftermath,Unburden,Flare Boost,498.0,150.0,80.0,44.0,90.0,54.0,80.0,60.0,70.0,174.0,Fluctuating,50.0,0.0,1.0,1.0,2.0,0.5,2.0,0.0,0.5,0.0,1.0,1.0,0.25,2.0,2.0,1.0,2.0,1.0,1.0
P,434,Stunky,4,Normal,Skunk Pokémon,2,Posión,Oscuridad,0.4,19.2,3,Stench,Aftermath,Keen Eye,329.0,63.0,63.0,47.0,41.0,41.0,74.0,225.0,70.0,66.0,Medium Fast,50.0,1.0,1.0,1.0,1.0,0.5,1.0,1.0,0.5,2.0,1.0,0.0,1.0,1.0,0.5,1.0,0.5,1.0,1.0
U,435,Skuntank,4,Normal,Skunk Pokémon,2,Posión,Oscuridad,1.0,38.0,3,Stench,Aftermath,Keen Eye,479.0,103.0,93.0,67.0,71.0,61.0,84.0,60.0,70.0,168.0,Medium Fast,50.0,1.0,1.0,1.0,1.0,0.5,1.0,1.0,0.5,2.0,1.0,0.0,1.0,1.0,0.5,1.0,0.5,1.0,1.0
P,436,Bronzor,4,Normal,Bronze Pokémon,2,Acero,Psíquico,0.5,60.5,3,Levitate,Heatproof,Heavy Metal,300.0,57.0,24.0,86.0,24.0,86.0,23.0,255.0,70.0,60.0,Medium Fast,,0.5,2.0,1.0,1.0,0.5,0.5,1.0,0.0,0.0,0.5,0.25,1.0,0.5,2.0,0.5,2.0,0.5,0.5
U,437,Bronzong,4,Normal,Bronze Bell Pokémon,2,Acero,Psíquico,1.3,187.0,3,Levitate,Heatproof,Heavy Metal,500.0,67.0,89.0,116.0,79.0,116.0,33.0,90.0,70.0,175.0,Medium Fast,,0.5,2.0,1.0,1.0,0.5,0.5,1.0,0.0,0.0,0.5,0.25,1.0,0.5,2.0,0.5,2.0,0.5,0.5
P,438,Bonsly,4,Normal,Bonsai Pokémon,1,Roca,,0.5,15.0,3,Sturdy,Rock Head,Rattled,290.0,50.0,80.0,95.0,10.0,45.0,10.0,255.0,70.0,58.0,Medium Fast,50.0,0.5,0.5,2.0,1.0,2.0,1.0,2.0,0.5,2.0,0.5,1.0,1.0,1.0,1.0,1.0,1.0,2.0,1.0
P,439,MimeJr,4,Normal,Mime Pokémon,2,Psíquico,Hada,0.6,13.0,3,Soundproof,Filter,Technician,310.0,20.0,25.0,45.0,70.0,90.0,60.0,145.0,70.0,62.0,Medium Fast,50.0,1.0,1.0,1.0,1.0,1.0,1.0,0.25,2.0,1.0,1.0,0.5,1.0,1.0,2.0,0.0,1.0,2.0,1.0
P,446,Munchlax,4,Normal,Big Eater Pokémon,1,Normal,,0.6,105.0,3,Pickup,Thick Fat,Gluttony,390.0,135.0,85.0,40.0,40.0,85.0,5.0,50.0,70.0,78.0,Slow,87.5,1.0,1.0,1.0,1.0,1.0,1.0,2.0,1.0,1.0,1.0,1.0,1.0,1.0,0.0,1.0,1.0,1.0,1.0
P,447,Riolu,4,Normal,Emanation Pokémon,1,Luchador,,0.7,20.2,3,Steadfast,Inner Focus,Prankster,285.0,40.0,70.0,40.0,35.0,40.0,60.0,75.0,70.0,57.0,Medium Slow,87.5,1.0,1.0,1.0,1.0,1.0,1.0,1.0,1.0,1.0,2.0,2.0,0.5,0.5,1.0,1.0,0.5,1.0,2.0
U,448,Lucario,4,Normal,Aura Pokémon,2,Luchador,Acero,1.2,54.0,3,Steadfast,Inner Focus,Justified,525.0,70.0,110.0,70.0,115.0,70.0,90.0,45.0,70.0,184.0,Medium Slow,87.5,0.5,2.0,1.0,1.0,0.5,0.5,2.0,0.0,2.0,1.0,1.0,0.25,0.25,1.0,0.5,0.5,0.5,1.0
P,449,Hippopotas,4,Normal,Hippo Pokémon,1,Tierra,,0.8,49.5,2,Sand Stream,,Sand Force,330.0,68.0,72.0,78.0,38.0,42.0,32.0,140.0,70.0,66.0,Slow,50.0,1.0,1.0,2.0,0.0,2.0,2.0,1.0,0.5,1.0,1.0,1.0,1.0,0.5,1.0,1.0,1.0,1.0,1.0
U,450,Hippowdon,4,Normal,Heavyweight Pokémon,1,Tierra,,2.0,300.0,2,Sand Stream,,Sand Force,525.0,108.0,112.0,118.0,68.0,72.0,47.0,60.0,70.0,184.0,Slow,50.0,1.0,1.0,2.0,0.0,2.0,2.0,1.0,0.5,1.0,1.0,1.0,1.0,0.5,1.0,1.0,1.0,1.0,1.0
P,451,Skorupi,4,Normal,Scorpion Pokémon,2,Posión,Bicho,0.8,12.0,3,Battle Armor,Sniper,Keen Eye,330.0,40.0,50.0,90.0,30.0,55.0,65.0,120.0,70.0,66.0,Slow,50.0,1.0,2.0,1.0,1.0,0.25,1.0,0.25,0.5,1.0,2.0,2.0,0.5,2.0,1.0,1.0,1.0,1.0,0.5
U,452,Drapion,4,Normal,Ogre Scorp Pokémon,2,Posión,Oscuridad,1.3,61.5,3,Battle Armor,Sniper,Keen Eye,500.0,70.0,90.0,110.0,60.0,75.0,95.0,45.0,70.0,175.0,Slow,50.0,1.0,1.0,1.0,1.0,0.5,1.0,1.0,0.5,2.0,1.0,0.0,1.0,1.0,0.5,1.0,0.5,1.0,1.0
P,453,Croagunk,4,Normal,Toxic Mouth Pokémon,2,Posión,Luchador,0.7,23.0,3,Anticipation,Dry Skin,Poison Touch,300.0,48.0,61.0,40.0,61.0,40.0,50.0,140.0,100.0,60.0,Medium Fast,50.0,1.0,1.0,1.0,1.0,0.5,1.0,0.5,0.5,2.0,2.0,4.0,0.25,0.5,1.0,1.0,0.5,1.0,1.0
U,454,Toxicroak,4,Normal,Toxic Mouth Pokémon,2,Posión,Luchador,1.3,44.4,3,Anticipation,Dry Skin,Poison Touch,490.0,83.0,106.0,65.0,86.0,65.0,85.0,75.0,70.0,172.0,Medium Fast,50.0,1.0,1.0,1.0,1.0,0.5,1.0,0.5,0.5,2.0,2.0,4.0,0.25,0.5,1.0,1.0,0.5,1.0,1.0
P,458,Mantyke,4,Normal,Kite Pokémon,2,Agua,Volador,1.0,65.0,3,Swift Swim,Water Absorb,Water Veil,345.0,45.0,20.0,50.0,60.0,120.0,50.0,25.0,70.0,69.0,Slow,50.0,1.0,0.5,0.5,4.0,1.0,1.0,0.5,1.0,0.0,1.0,1.0,0.5,2.0,1.0,1.0,1.0,0.5,1.0
P,459,Snover,4,Normal,Frost Tree Pokémon,2,Planta,Hielo,1.0,50.5,2,Snow Warning,,Soundproof,334.0,60.0,62.0,50.0,62.0,60.0,40.0,120.0,70.0,67.0,Slow,50.0,1.0,4.0,0.5,0.5,0.5,1.0,2.0,2.0,0.5,2.0,1.0,2.0,2.0,1.0,1.0,1.0,2.0,1.0
U,460,Abomasnow,4,Normal,Frost Tree Pokémon,2,Planta,Hielo,2.2,135.5,2,Snow Warning,,Soundproof,494.0,90.0,92.0,75.0,92.0,85.0,60.0,60.0,70.0,173.0,Slow,50.0,1.0,4.0,0.5,0.5,0.5,1.0,2.0,2.0,0.5,2.0,1.0,2.0,2.0,1.0,1.0,1.0,2.0,1.0
U,461,Weavile,4,Normal,Sharp Claw Pokémon,2,Oscuridad,Hielo,1.1,34.0,2,Pressure,,Pickpocket,510.0,70.0,120.0,65.0,45.0,85.0,125.0,45.0,35.0,179.0,Medium Slow,50.0,1.0,2.0,1.0,1.0,1.0,0.5,4.0,1.0,1.0,1.0,0.0,2.0,2.0,0.5,1.0,0.5,2.0,2.0
U,464,Rhyperior,4,Normal,Drill Pokémon,2,Tierra,Roca,2.4,282.8,3,Lightning Rod,Solid Rock,Reckless,535.0,115.0,140.0,130.0,55.0,55.0,40.0,30.0,70.0,241.0,Slow,50.0,0.5,0.5,4.0,0.0,4.0,2.0,2.0,0.25,2.0,0.5,1.0,1.0,0.5,1.0,1.0,1.0,2.0,1.0
U,468,Togekiss,4,Normal,Jubilee Pokémon,2,Hada,Volador,1.5,38.0,3,Hustle,Serene Grace,Super Luck,545.0,85.0,50.0,95.0,120.0,115.0,80.0,30.0,70.0,245.0,Fast,87.5,1.0,1.0,1.0,2.0,0.5,2.0,0.25,2.0,0.0,1.0,1.0,0.25,2.0,1.0,0.0,0.5,2.0,1.0
U,470,Leafeon,4,Normal,Verdant Pokémon,1,Planta,,1.0,25.5,2,Leaf Guard,,Chlorophyll,525.0,65.0,110.0,130.0,60.0,65.0,95.0,45.0,35.0,184.0,Medium Fast,87.5,1.0,2.0,0.5,0.5,0.5,2.0,1.0,2.0,0.5,2.0,1.0,2.0,1.0,1.0,1.0,1.0,1.0,1.0
U,471,Glaceon,4,Normal,Fresh Snow Pokémon,1,Hielo,,0.8,25.9,2,Snow Cloak,,Ice Body,525.0,65.0,60.0,110.0,130.0,95.0,65.0,45.0,35.0,184.0,Medium Fast,87.5,1.0,2.0,1.0,1.0,1.0,0.5,2.0,1.0,1.0,1.0,1.0,1.0,2.0,1.0,1.0,1.0,2.0,1.0
U,473,Mamoswine,4,Normal,Twin Tusk Pokémon,2,Hielo,Tierra,2.5,291.0,3,Oblivious,Snow Cloak,Thick Fat,530.0,110.0,130.0,80.0,70.0,60.0,80.0,50.0,70.0,239.0,Slow,50.0,1.0,2.0,2.0,0.0,2.0,1.0,2.0,0.5,1.0,1.0,1.0,1.0,1.0,1.0,1.0,1.0,2.0,1.0
U,475,Gallade,4,Normal,Blade Pokémon,2,Psíquico,Luchador,1.6,52.0,2,Steadfast,,Justified,518.0,68.0,125.0,65.0,65.0,115.0,80.0,45.0,35.0,233.0,Slow,100.0,1.0,1.0,1.0,1.0,1.0,1.0,0.5,1.0,1.0,2.0,1.0,1.0,0.5,2.0,1.0,1.0,1.0,2.0
U,477,Dusknoir,4,Normal,Gripper Pokémon,1,Fantasma,,2.2,106.6,2,Pressure,,Frisk,525.0,45.0,100.0,135.0,65.0,135.0,45.0,45.0,35.0,236.0,Fast,50.0,0.0,1.0,1.0,1.0,1.0,1.0,0.0,0.5,1.0,1.0,1.0,0.5,1.0,2.0,1.0,2.0,1.0,1.0
U,478,Froslass,4,Normal,Snow Land Pokémon,2,Hielo,Fantasma,1.3,26.6,2,Snow Cloak,,Cursed Body,480.0,70.0,80.0,70.0,80.0,70.0,110.0,75.0,70.0,168.0,Medium Fast,0.0,0.0,2.0,1.0,1.0,1.0,0.5,0.0,0.5,1.0,1.0,1.0,0.5,2.0,2.0,1.0,2.0,2.0,1.0
U,479,Rotom,4,Normal,Plasma Pokémon,2,Eléctrico,Fantasma,0.3,0.3,1,Levitate,,,440.0,50.0,50.0,77.0,95.0,77.0,91.0,45.0,70.0,154.0,Medium Fast,,0.0,1.0,1.0,0.5,1.0,1.0,0.0,0.5,0.0,0.5,1.0,0.5,1.0,2.0,1.0,2.0,0.5,1.0
P,509,Purrloin,5,Normal,Devious Pokémon,1,Oscuridad,,0.4,10.1,3,Limber,Unburden,Prankster,281.0,41.0,50.0,37.0,50.0,37.0,66.0,255.0,70.0,56.0,Medium Fast,50.0,1.0,1.0,1.0,1.0,1.0,1.0,2.0,1.0,1.0,1.0,0.0,2.0,1.0,0.5,1.0,0.5,1.0,2.0
U,510,Liepard,5,Normal,Cruel Pokémon,1,Oscuridad,,1.1,37.5,3,Limber,Unburden,Prankster,446.0,64.0,88.0,50.0,88.0,50.0,106.0,90.0,70.0,156.0,Medium Fast,50.0,1.0,1.0,1.0,1.0,1.0,1.0,2.0,1.0,1.0,1.0,0.0,2.0,1.0,0.5,1.0,0.5,1.0,2.0
P,517,Munna,5,Normal,Dream Eater Pokémon,1,Psíquico,,0.6,23.3,3,Forewarn,Synchronize,Telepathy,292.0,76.0,25.0,45.0,67.0,55.0,24.0,190.0,70.0,58.0,Fast,50.0,1.0,1.0,1.0,1.0,1.0,1.0,0.5,1.0,1.0,1.0,0.5,2.0,1.0,2.0,1.0,2.0,1.0,1.0
U,518,Musharna,5,Normal,Drowsing Pokémon,1,Psíquico,,1.1,60.5,3,Forewarn,Synchronize,Telepathy,487.0,116.0,55.0,85.0,107.0,95.0,29.0,75.0,70.0,170.0,Fast,50.0,1.0,1.0,1.0,1.0,1.0,1.0,0.5,1.0,1.0,1.0,0.5,2.0,1.0,2.0,1.0,2.0,1.0,1.0
P,519,Pidove,5,Normal,Tiny Pigeon Pokémon,2,Normal,Volador,0.3,2.1,3,Big Pecks,Super Luck,Rivalry,264.0,50.0,55.0,50.0,36.0,30.0,43.0,255.0,70.0,53.0,Medium Slow,50.0,1.0,1.0,1.0,2.0,0.5,2.0,1.0,1.0,0.0,1.0,1.0,0.5,2.0,0.0,1.0,1.0,1.0,1.0
I,520,Tranquill,5,Normal,Wild Pigeon Pokémon,2,Normal,Volador,0.6,15.0,3,Big Pecks,Super Luck,Rivalry,358.0,62.0,77.0,62.0,50.0,42.0,65.0,120.0,70.0,125.0,Medium Slow,50.0,1.0,1.0,1.0,2.0,0.5,2.0,1.0,1.0,0.0,1.0,1.0,0.5,2.0,0.0,1.0,1.0,1.0,1.0
U,521,Unfezant,5,Normal,Proud Pokémon,2,Normal,Volador,1.2,29.0,3,Big Pecks,Super Luck,Rivalry,488.0,80.0,115.0,80.0,65.0,55.0,93.0,45.0,70.0,220.0,Medium Slow,50.0,1.0,1.0,1.0,2.0,0.5,2.0,1.0,1.0,0.0,1.0,1.0,0.5,2.0,0.0,1.0,1.0,1.0,1.0
P,524,Roggenrola,5,Normal,Mantle Pokémon,1,Roca,,0.4,18.0,3,Sturdy,Weak Armor,Sand Force,280.0,55.0,75.0,85.0,25.0,25.0,15.0,255.0,70.0,56.0,Medium Slow,50.0,0.5,0.5,2.0,1.0,2.0,1.0,2.0,0.5,2.0,0.5,1.0,1.0,1.0,1.0,1.0,1.0,2.0,1.0
I,525,Boldore,5,Normal,Ore Pokémon,1,Roca,,0.9,102.0,3,Sturdy,Weak Armor,Sand Force,390.0,70.0,105.0,105.0,50.0,40.0,20.0,120.0,70.0,137.0,Medium Slow,50.0,0.5,0.5,2.0,1.0,2.0,1.0,2.0,0.5,2.0,0.5,1.0,1.0,1.0,1.0,1.0,1.0,2.0,1.0
U,526,Gigalith,5,Normal,Compressed Pokémon,1,Roca,,1.7,260.0,3,Sturdy,Sand Stream,Sand Force,515.0,85.0,135.0,130.0,60.0,80.0,25.0,45.0,70.0,232.0,Medium Slow,50.0,0.5,0.5,2.0,1.0,2.0,1.0,2.0,0.5,2.0,0.5,1.0,1.0,1.0,1.0,1.0,1.0,2.0,1.0
P,527,Woobat,5,Normal,Bat Pokémon,2,Psíquico,Volador,0.4,2.1,3,Unaware,Klutz,Simple,323.0,65.0,45.0,43.0,55.0,43.0,72.0,190.0,70.0,65.0,Medium Fast,50.0,1.0,1.0,1.0,2.0,0.5,2.0,0.25,1.0,0.0,1.0,0.5,1.0,2.0,2.0,1.0,2.0,1.0,1.0
I,528,Swoobat,5,Normal,Courting Pokémon,2,Psíquico,Volador,0.9,10.5,3,Unaware,Klutz,Simple,425.0,67.0,57.0,55.0,77.0,55.0,114.0,45.0,70.0,149.0,Medium Fast,50.0,1.0,1.0,1.0,2.0,0.5,2.0,0.25,1.0,0.0,1.0,0.5,1.0,2.0,2.0,1.0,2.0,1.0,1.0
P,529,Drilbur,5,Normal,Mole Pokémon,1,Tierra,,0.3,8.5,3,Sand Rush,Sand Force,Mold Breaker,328.0,60.0,85.0,40.0,30.0,45.0,68.0,120.0,70.0,66.0,Medium Fast,50.0,1.0,1.0,2.0,0.0,2.0,2.0,1.0,0.5,1.0,1.0,1.0,1.0,0.5,1.0,1.0,1.0,1.0,1.0
U,530,Excadrill,5,Normal,Subterrene Pokémon,2,Tierra,Acero,0.7,40.4,3,Sand Rush,Sand Force,Mold Breaker,508.0,110.0,135.0,60.0,50.0,65.0,88.0,60.0,70.0,178.0,Medium Fast,50.0,0.5,2.0,2.0,0.0,1.0,1.0,2.0,0.0,2.0,0.5,0.5,0.5,0.25,1.0,0.5,1.0,0.5,0.5
P,532,Timburr,5,Normal,Muscular Pokémon,1,Luchador,,0.6,12.5,3,Guts,Sheer Force,Iron Fist,305.0,75.0,80.0,55.0,25.0,35.0,35.0,180.0,70.0,61.0,Medium Slow,75.0,1.0,1.0,1.0,1.0,1.0,1.0,1.0,1.0,1.0,2.0,2.0,0.5,0.5,1.0,1.0,0.5,1.0,2.0
I,533,Gurdurr,5,Normal,Muscular Pokémon,1,Luchador,,1.2,40.0,3,Guts,Sheer Force,Iron Fist,405.0,85.0,105.0,85.0,40.0,50.0,40.0,90.0,70.0,142.0,Medium Slow,75.0,1.0,1.0,1.0,1.0,1.0,1.0,1.0,1.0,1.0,2.0,2.0,0.5,0.5,1.0,1.0,0.5,1.0,2.0
U,534,Conkeldurr,5,Normal,Muscular Pokémon,1,Luchador,,1.4,87.0,3,Guts,Sheer Force,Iron Fist,505.0,105.0,140.0,95.0,55.0,65.0,45.0,45.0,70.0,227.0,Medium Slow,75.0,1.0,1.0,1.0,1.0,1.0,1.0,1.0,1.0,1.0,2.0,2.0,0.5,0.5,1.0,1.0,0.5,1.0,2.0
P,535,Tympole,5,Normal,Tadpole Pokémon,1,Agua,,0.5,4.5,3,Swift Swim,Hydration,Water Absorb,294.0,50.0,50.0,40.0,50.0,40.0,64.0,255.0,70.0,59.0,Medium Slow,50.0,1.0,0.5,0.5,2.0,2.0,0.5,1.0,1.0,1.0,1.0,1.0,1.0,1.0,1.0,1.0,1.0,0.5,1.0
I,536,Palpitoad,5,Normal,Vibration Pokémon,2,Agua,Tierra,0.8,17.0,3,Swift Swim,Hydration,Water Absorb,384.0,75.0,65.0,55.0,65.0,55.0,69.0,120.0,70.0,134.0,Medium Slow,50.0,1.0,0.5,1.0,0.0,4.0,1.0,1.0,0.5,1.0,1.0,1.0,1.0,0.5,1.0,1.0,1.0,0.5,1.0
U,537,Seismitoad,5,Normal,Vibration Pokémon,2,Agua,Tierra,1.5,62.0,3,Swift Swim,Poison Touch,Water Absorb,509.0,105.0,95.0,75.0,85.0,75.0,74.0,45.0,70.0,229.0,Medium Slow,50.0,1.0,0.5,1.0,0.0,4.0,1.0,1.0,0.5,1.0,1.0,1.0,1.0,0.5,1.0,1.0,1.0,0.5,1.0
U,538,Throh,5,Normal,Judo Pokémon,1,Luchador,,1.3,55.5,3,Guts,Inner Focus,Mold Breaker,465.0,120.0,100.0,85.0,30.0,85.0,45.0,45.0,70.0,163.0,Medium Fast,100.0,1.0,1.0,1.0,1.0,1.0,1.0,1.0,1.0,1.0,2.0,2.0,0.5,0.5,1.0,1.0,0.5,1.0,2.0
U,539,Sawk,5,Normal,Karate Pokémon,1,Luchador,,1.4,51.0,3,Sturdy,Inner Focus,Mold Breaker,465.0,75.0,125.0,75.0,30.0,75.0,85.0,45.0,70.0,163.0,Medium Fast,100.0,1.0,1.0,1.0,1.0,1.0,1.0,1.0,1.0,1.0,2.0,2.0,0.5,0.5,1.0,1.0,0.5,1.0,2.0
P,546,Cottonee,5,Normal,Cotton Puff Pokémon,2,Planta,Hada,0.3,0.6,3,Prankster,Infiltrator,Chlorophyll,280.0,40.0,27.0,60.0,37.0,50.0,66.0,190.0,70.0,56.0,Medium Fast,50.0,1.0,2.0,0.5,0.5,0.5,2.0,0.5,4.0,0.5,2.0,1.0,1.0,1.0,1.0,0.0,0.5,2.0,1.0
U,547,Whimsicott,5,Normal,Windveiled Pokémon,2,Planta,Hada,0.7,6.6,3,Prankster,Infiltrator,Chlorophyll,480.0,60.0,67.0,85.0,77.0,75.0,116.0,75.0,70.0,168.0,Medium Fast,50.0,1.0,2.0,0.5,0.5,0.5,2.0,0.5,4.0,0.5,2.0,1.0,1.0,1.0,1.0,0.0,0.5,2.0,1.0
P,554,Darumaka,5,Normal,Zen Charm Pokémon,1,Fuego,,0.6,37.5,2,Hustle,,Inner Focus,315.0,70.0,90.0,45.0,15.0,45.0,50.0,120.0,70.0,63.0,Medium Slow,50.0,1.0,0.5,2.0,1.0,0.5,0.5,1.0,1.0,2.0,1.0,1.0,0.5,2.0,1.0,1.0,1.0,0.5,0.5
U,556,Maractus,5,Normal,Cactus Pokémon,1,Planta,,1.0,28.0,3,Water Absorb,Chlorophyll,Storm Drain,461.0,75.0,86.0,67.0,106.0,67.0,60.0,255.0,70.0,161.0,Medium Fast,50.0,1.0,2.0,0.0,0.5,0.5,2.0,1.0,2.0,0.5,2.0,1.0,2.0,1.0,1.0,1.0,1.0,1.0,1.0
P,557,Dwebble,5,Normal,Rock Inn Pokémon,2,Bicho,Roca,0.3,14.5,3,Sturdy,Shell Armor,Weak Armor,325.0,50.0,65.0,85.0,35.0,35.0,55.0,190.0,70.0,65.0,Medium Fast,50.0,0.5,1.0,2.0,1.0,1.0,1.0,1.0,0.5,1.0,1.0,1.0,1.0,2.0,1.0,1.0,1.0,2.0,1.0
U,558,Crustle,5,Normal,Stone Home Pokémon,2,Bicho,Roca,1.4,200.0,3,Sturdy,Shell Armor,Weak Armor,485.0,70.0,105.0,125.0,65.0,75.0,45.0,75.0,70.0,170.0,Medium Fast,50.0,0.5,1.0,2.0,1.0,1.0,1.0,1.0,0.5,1.0,1.0,1.0,1.0,2.0,1.0,1.0,1.0,2.0,1.0
P,559,Scraggy,5,Normal,Shedding Pokémon,2,Oscuridad,Luchador,0.6,11.8,3,Shed Skin,Moxie,Intimidate,348.0,50.0,75.0,70.0,35.0,70.0,48.0,180.0,35.0,70.0,Medium Fast,50.0,1.0,1.0,1.0,1.0,1.0,1.0,2.0,1.0,1.0,2.0,0.0,1.0,0.5,0.5,1.0,0.25,1.0,4.0
U,560,Scrafty,5,Normal,Hoodlum Pokémon,2,Oscuridad,Luchador,1.1,30.0,3,Shed Skin,Moxie,Intimidate,488.0,65.0,90.0,115.0,45.0,115.0,58.0,90.0,70.0,171.0,Medium Fast,50.0,1.0,1.0,1.0,1.0,1.0,1.0,2.0,1.0,1.0,2.0,0.0,1.0,0.5,0.5,1.0,0.25,1.0,4.0
P,561,Sigilyph,5,Normal,Avianoid Pokémon,2,Psíquico,Volador,1.4,14.0,3,Wonder Skin,Magic Guard,Tinted Lens,490.0,72.0,58.0,80.0,103.0,80.0,97.0,45.0,70.0,172.0,Medium Fast,50.0,1.0,1.0,1.0,2.0,0.5,2.0,0.25,1.0,0.0,1.0,0.5,1.0,2.0,2.0,1.0,2.0,1.0,1.0
P,562,Yamask,5,Normal,Spirit Pokémon,1,Fantasma,,0.5,1.5,1,Mummy,,,303.0,38.0,30.0,85.0,55.0,65.0,30.0,190.0,70.0,61.0,Medium Fast,50.0,0.0,1.0,1.0,1.0,1.0,1.0,0.0,0.5,1.0,1.0,1.0,0.5,1.0,2.0,1.0,2.0,1.0,1.0
U,563,Cofagrigus,5,Normal,Coffin Pokémon,1,Fantasma,,1.7,76.5,1,Mummy,,,483.0,58.0,50.0,145.0,95.0,105.0,30.0,90.0,70.0,169.0,Medium Fast,50.0,0.0,1.0,1.0,1.0,1.0,1.0,0.0,0.5,1.0,1.0,1.0,0.5,1.0,2.0,1.0,2.0,1.0,1.0
P,568,Trubbish,5,Normal,Trash Bag Pokémon,1,Posión,,0.6,31.0,3,Stench,Sticky Hold,Aftermath,329.0,50.0,50.0,62.0,40.0,62.0,65.0,190.0,70.0,66.0,Medium Fast,50.0,1.0,1.0,1.0,1.0,0.5,1.0,0.5,0.5,2.0,1.0,2.0,0.5,1.0,1.0,1.0,1.0,1.0,0.5
U,569,Garbodor,5,Normal,Trash Heap Pokémon,1,Posión,,1.9,107.3,3,Stench,Weak Armor,Aftermath,474.0,80.0,95.0,82.0,60.0,82.0,75.0,60.0,70.0,166.0,Medium Fast,50.0,1.0,1.0,1.0,1.0,0.5,1.0,0.5,0.5,2.0,1.0,2.0,0.5,1.0,1.0,1.0,1.0,1.0,0.5
P,572,Minccino,5,Normal,Chinchilla Pokémon,1,Normal,,0.4,5.8,3,Cute Charm,Technician,Skill Link,300.0,55.0,50.0,40.0,40.0,40.0,75.0,255.0,70.0,60.0,Fast,25.0,1.0,1.0,1.0,1.0,1.0,1.0,2.0,1.0,1.0,1.0,1.0,1.0,1.0,0.0,1.0,1.0,1.0,1.0
U,573,Cinccino,5,Normal,Scarf Pokémon,1,Normal,,0.5,7.5,3,Cute Charm,Technician,Skill Link,470.0,75.0,95.0,60.0,65.0,60.0,115.0,60.0,70.0,165.0,Fast,25.0,1.0,1.0,1.0,1.0,1.0,1.0,2.0,1.0,1.0,1.0,1.0,1.0,1.0,0.0,1.0,1.0,1.0,1.0
P,574,Gothita,5,Normal,Fixation Pokémon,1,Psíquico,,0.4,5.8,3,Frisk,Competitive,Shadow Tag,290.0,45.0,30.0,50.0,55.0,65.0,45.0,200.0,70.0,58.0,Medium Slow,25.0,1.0,1.0,1.0,1.0,1.0,1.0,0.5,1.0,1.0,1.0,0.5,2.0,1.0,2.0,1.0,2.0,1.0,1.0
I,575,Gothorita,5,Normal,Manipulate Pokémon,1,Psíquico,,0.7,18.0,3,Frisk,Competitive,Shadow Tag,390.0,60.0,45.0,70.0,75.0,85.0,55.0,100.0,70.0,137.0,Medium Slow,25.0,1.0,1.0,1.0,1.0,1.0,1.0,0.5,1.0,1.0,1.0,0.5,2.0,1.0,2.0,1.0,2.0,1.0,1.0
U,576,Gothitelle,5,Normal,Astral Body Pokémon,1,Psíquico,,1.5,44.0,3,Frisk,Competitive,Shadow Tag,490.0,70.0,55.0,95.0,95.0,110.0,65.0,50.0,70.0,221.0,Medium Slow,25.0,1.0,1.0,1.0,1.0,1.0,1.0,0.5,1.0,1.0,1.0,0.5,2.0,1.0,2.0,1.0,2.0,1.0,1.0
P,577,Solosis,5,Normal,Cell Pokémon,1,Psíquico,,0.3,1.0,3,Overcoat,Magic Guard,Regenerator,290.0,45.0,30.0,40.0,105.0,50.0,20.0,200.0,70.0,58.0,Medium Slow,50.0,1.0,1.0,1.0,1.0,1.0,1.0,0.5,1.0,1.0,1.0,0.5,2.0,1.0,2.0,1.0,2.0,1.0,1.0
I,578,Duosion,5,Normal,Mitosis Pokémon,1,Psíquico,,0.6,8.0,3,Overcoat,Magic Guard,Regenerator,370.0,65.0,40.0,50.0,125.0,60.0,30.0,100.0,70.0,130.0,Medium Slow,50.0,1.0,1.0,1.0,1.0,1.0,1.0,0.5,1.0,1.0,1.0,0.5,2.0,1.0,2.0,1.0,2.0,1.0,1.0
U,579,Reuniclus,5,Normal,Multiplying Pokémon,1,Psíquico,,1.0,20.1,3,Overcoat,Magic Guard,Regenerator,490.0,110.0,65.0,75.0,125.0,85.0,30.0,50.0,70.0,221.0,Medium Slow,50.0,1.0,1.0,1.0,1.0,1.0,1.0,0.5,1.0,1.0,1.0,0.5,2.0,1.0,2.0,1.0,2.0,1.0,1.0
P,582,Vanillite,5,Normal,Fresh Snow Pokémon,1,Hielo,,0.4,5.7,3,Ice Body,Snow Cloak,Weak Armor,305.0,36.0,50.0,50.0,65.0,60.0,44.0,255.0,70.0,61.0,Slow,50.0,1.0,2.0,1.0,1.0,1.0,0.5,2.0,1.0,1.0,1.0,1.0,1.0,2.0,1.0,1.0,1.0,2.0,1.0
I,583,Vanillish,5,Normal,Icy Snow Pokémon,1,Hielo,,1.1,41.0,3,Ice Body,Snow Cloak,Weak Armor,395.0,51.0,65.0,65.0,80.0,75.0,59.0,120.0,70.0,138.0,Slow,50.0,1.0,2.0,1.0,1.0,1.0,0.5,2.0,1.0,1.0,1.0,1.0,1.0,2.0,1.0,1.0,1.0,2.0,1.0
U,584,Vanilluxe,5,Normal,Snowstorm Pokémon,1,Hielo,,1.3,57.5,3,Ice Body,Snow Warning,Weak Armor,535.0,71.0,95.0,85.0,110.0,95.0,79.0,45.0,70.0,241.0,Slow,50.0,1.0,2.0,1.0,1.0,1.0,0.5,2.0,1.0,1.0,1.0,1.0,1.0,2.0,1.0,1.0,1.0,2.0,1.0
P,588,Karrablast,5,Normal,Clamping Pokémon,1,Bicho,,0.5,5.9,3,Swarm,Shed Skin,No Guard,315.0,50.0,75.0,45.0,40.0,45.0,60.0,200.0,70.0,63.0,Medium Fast,50.0,1.0,2.0,1.0,1.0,0.5,1.0,0.5,1.0,0.5,2.0,1.0,1.0,2.0,1.0,1.0,1.0,1.0,1.0
U,589,Escavalier,5,Normal,Cavalry Pokémon,2,Bicho,Acero,1.0,33.0,3,Swarm,Shell Armor,Overcoat,495.0,70.0,135.0,105.0,60.0,105.0,20.0,75.0,70.0,173.0,Medium Fast,50.0,0.5,4.0,1.0,1.0,0.25,0.5,1.0,0.0,1.0,1.0,0.5,0.5,1.0,1.0,0.5,1.0,0.5,0.5
P,592,Frillish,5,Normal,Floating Pokémon,2,Agua,Fantasma,1.2,33.0,3,Water Absorb,Cursed Body,Damp,335.0,55.0,40.0,50.0,65.0,85.0,40.0,190.0,70.0,67.0,Medium Fast,50.0,0.0,0.5,0.0,2.0,2.0,0.5,0.0,0.5,1.0,1.0,1.0,0.5,1.0,2.0,1.0,2.0,0.5,1.0
U,593,Jellicent,5,Normal,Floating Pokémon,2,Agua,Fantasma,2.2,135.0,3,Water Absorb,Cursed Body,Damp,480.0,100.0,60.0,70.0,85.0,105.0,60.0,60.0,70.0,168.0,Medium Fast,50.0,0.0,0.5,0.0,2.0,2.0,0.5,0.0,0.5,1.0,1.0,1.0,0.5,1.0,2.0,1.0,2.0,0.5,1.0
P,595,Joltik,5,Normal,Attaching Pokémon,2,Bicho,Eléctrico,0.1,0.6,3,Compound Eyes,Unnerve,Swarm,319.0,50.0,47.0,50.0,57.0,50.0,65.0,190.0,70.0,64.0,Medium Fast,50.0,1.0,2.0,1.0,0.5,0.5,1.0,0.5,1.0,1.0,1.0,1.0,1.0,2.0,1.0,1.0,1.0,0.5,1.0
U,596,Galvantula,5,Normal,EleSpider Pokémon,2,Bicho,Eléctrico,0.8,14.3,3,Compound Eyes,Unnerve,Swarm,472.0,70.0,77.0,60.0,97.0,60.0,108.0,75.0,70.0,165.0,Medium Fast,50.0,1.0,2.0,1.0,0.5,0.5,1.0,0.5,1.0,1.0,1.0,1.0,1.0,2.0,1.0,1.0,1.0,0.5,1.0
P,597,Ferroseed,5,Normal,Thorn Seed Pokémon,2,Planta,Acero,0.6,18.8,2,Iron Barbs,,Anticipation,305.0,44.0,50.0,91.0,24.0,86.0,10.0,255.0,70.0,61.0,Medium Fast,50.0,0.5,4.0,0.5,0.5,0.25,1.0,2.0,0.0,1.0,1.0,0.5,1.0,0.5,1.0,0.5,1.0,0.5,0.5
U,598,Ferrothorn,5,Normal,Thorn Pod Pokémon,2,Planta,Acero,1.0,110.0,2,Iron Barbs,,Anticipation,489.0,74.0,94.0,131.0,54.0,116.0,20.0,90.0,70.0,171.0,Medium Fast,50.0,0.5,4.0,0.5,0.5,0.25,1.0,2.0,0.0,1.0,1.0,0.5,1.0,0.5,1.0,0.5,1.0,0.5,0.5
P,599,Klink,5,Normal,Gear Pokémon,1,Acero,,0.3,21.0,3,Plus,Minus,Clear Body,300.0,40.0,55.0,70.0,45.0,60.0,30.0,130.0,70.0,60.0,Medium Slow,,0.5,2.0,1.0,1.0,0.5,0.5,2.0,0.0,2.0,0.5,0.5,0.5,0.5,1.0,0.5,1.0,0.5,0.5
I,600,Klang,5,Normal,Gear Pokémon,1,Acero,,0.6,51.0,3,Plus,Minus,Clear Body,440.0,60.0,80.0,95.0,70.0,85.0,50.0,60.0,70.0,154.0,Medium Slow,,0.5,2.0,1.0,1.0,0.5,0.5,2.0,0.0,2.0,0.5,0.5,0.5,0.5,1.0,0.5,1.0,0.5,0.5
U,601,Klinklang,5,Normal,Gear Pokémon,1,Acero,,0.6,81.0,3,Plus,Minus,Clear Body,520.0,60.0,100.0,115.0,70.0,85.0,90.0,30.0,70.0,234.0,Medium Slow,,0.5,2.0,1.0,1.0,0.5,0.5,2.0,0.0,2.0,0.5,0.5,0.5,0.5,1.0,0.5,1.0,0.5,0.5
P,605,Elgyem,5,Normal,Cerebral Pokémon,1,Psíquico,,0.5,9.0,3,Telepathy,Synchronize,Analytic,335.0,55.0,55.0,55.0,85.0,55.0,30.0,255.0,70.0,67.0,Medium Fast,50.0,1.0,1.0,1.0,1.0,1.0,1.0,0.5,1.0,1.0,1.0,0.5,2.0,1.0,2.0,1.0,2.0,1.0,1.0
U,606,Beheeyem,5,Normal,Cerebral Pokémon,1,Psíquico,,1.0,34.5,3,Telepathy,Synchronize,Analytic,485.0,75.0,75.0,75.0,125.0,95.0,40.0,90.0,70.0,170.0,Medium Fast,50.0,1.0,1.0,1.0,1.0,1.0,1.0,0.5,1.0,1.0,1.0,0.5,2.0,1.0,2.0,1.0,2.0,1.0,1.0
P,607,Litwick,5,Normal,Candle Pokémon,2,Fantasma,Fuego,0.3,3.1,3,Flash Fire,Flame Body,Infiltrator,275.0,50.0,30.0,55.0,65.0,55.0,20.0,190.0,70.0,55.0,Medium Slow,50.0,0.0,0.0,2.0,1.0,0.5,0.5,0.0,0.5,2.0,1.0,1.0,0.25,2.0,2.0,1.0,2.0,0.5,0.5
I,608,Lampent,5,Normal,Lamp Pokémon,2,Fantasma,Fuego,0.6,13.0,3,Flash Fire,Flame Body,Infiltrator,370.0,60.0,40.0,60.0,95.0,60.0,55.0,90.0,70.0,130.0,Medium Slow,50.0,0.0,0.0,2.0,1.0,0.5,0.5,0.0,0.5,2.0,1.0,1.0,0.25,2.0,2.0,1.0,2.0,0.5,0.5
U,609,Chandelure,5,Normal,Luring Pokémon,2,Fantasma,Fuego,1.0,34.3,3,Flash Fire,Flame Body,Infiltrator,520.0,60.0,55.0,90.0,145.0,90.0,80.0,45.0,70.0,234.0,Medium Slow,50.0,0.0,0.0,2.0,1.0,0.5,0.5,0.0,0.5,2.0,1.0,1.0,0.25,2.0,2.0,1.0,2.0,0.5,0.5
P,610,Axew,5,Normal,Tusk Pokémon,1,Dragón,,0.6,18.0,3,Rivalry,Mold Breaker,Unnerve,320.0,46.0,87.0,60.0,30.0,40.0,57.0,75.0,35.0,64.0,Slow,50.0,1.0,0.5,0.5,0.5,0.5,2.0,1.0,1.0,1.0,1.0,1.0,1.0,1.0,1.0,2.0,1.0,1.0,2.0
I,611,Fraxure,5,Normal,Axe Jaw Pokémon,1,Dragón,,1.0,36.0,3,Rivalry,Mold Breaker,Unnerve,410.0,66.0,117.0,70.0,40.0,50.0,67.0,60.0,35.0,144.0,Slow,50.0,1.0,0.5,0.5,0.5,0.5,2.0,1.0,1.0,1.0,1.0,1.0,1.0,1.0,1.0,2.0,1.0,1.0,2.0
U,612,Haxorus,5,Normal,Axe Jaw Pokémon,1,Dragón,,1.8,105.5,3,Rivalry,Mold Breaker,Unnerve,540.0,76.0,147.0,90.0,60.0,70.0,97.0,45.0,35.0,243.0,Slow,50.0,1.0,0.5,0.5,0.5,0.5,2.0,1.0,1.0,1.0,1.0,1.0,1.0,1.0,1.0,2.0,1.0,1.0,2.0
P,613,Cubchoo,5,Normal,Chill Pokémon,1,Hielo,,0.5,8.5,3,Snow Cloak,Slush Rush,Rattled,305.0,55.0,70.0,40.0,60.0,40.0,40.0,120.0,70.0,61.0,Medium Fast,50.0,1.0,2.0,1.0,1.0,1.0,0.5,2.0,1.0,1.0,1.0,1.0,1.0,2.0,1.0,1.0,1.0,2.0,1.0
U,614,Beartic,5,Normal,Freezing Pokémon,1,Hielo,,2.6,260.0,3,Snow Cloak,Slush Rush,Swift Swim,505.0,95.0,130.0,80.0,70.0,80.0,50.0,60.0,70.0,177.0,Medium Fast,50.0,1.0,2.0,1.0,1.0,1.0,0.5,2.0,1.0,1.0,1.0,1.0,1.0,2.0,1.0,1.0,1.0,2.0,1.0
P,616,Shelmet,5,Normal,Snail Pokémon,1,Bicho,,0.4,7.7,3,Hydration,Shell Armor,Overcoat,305.0,50.0,40.0,85.0,40.0,65.0,25.0,200.0,70.0,61.0,Medium Fast,50.0,1.0,2.0,1.0,1.0,0.5,1.0,0.5,1.0,0.5,2.0,1.0,1.0,2.0,1.0,1.0,1.0,1.0,1.0
U,617,Accelgor,5,Normal,Shell Out Pokémon,1,Bicho,,0.8,25.3,3,Hydration,Sticky Hold,Unburden,495.0,80.0,70.0,40.0,100.0,60.0,145.0,75.0,70.0,173.0,Medium Fast,50.0,1.0,2.0,1.0,1.0,0.5,1.0,0.5,1.0,0.5,2.0,1.0,1.0,2.0,1.0,1.0,1.0,1.0,1.0
U,618,Stunfisk,5,Normal,Trap Pokémon,2,Tierra,Eléctrico,0.7,11.0,3,Static,Limber,Sand Veil,471.0,109.0,66.0,84.0,81.0,99.0,32.0,75.0,70.0,165.0,Medium Fast,50.0,1.0,1.0,2.0,0.0,2.0,2.0,1.0,0.5,2.0,0.5,1.0,1.0,0.5,1.0,1.0,1.0,0.5,1.0
P,622,Golett,5,Normal,Automaton Pokémon,2,Tierra,Fantasma,1.0,92.0,3,Iron Fist,Klutz,No Guard,303.0,59.0,74.0,50.0,35.0,50.0,35.0,190.0,70.0,61.0,Medium Fast,,0.0,1.0,2.0,0.0,2.0,2.0,0.0,0.25,1.0,1.0,1.0,0.5,0.5,2.0,1.0,2.0,1.0,1.0
U,623,Golurk,5,Normal,Automaton Pokémon,2,Tierra,Fantasma,2.8,330.0,3,Iron Fist,Klutz,No Guard,483.0,89.0,124.0,80.0,55.0,80.0,55.0,90.0,70.0,169.0,Medium Fast,,0.0,1.0,2.0,0.0,2.0,2.0,0.0,0.25,1.0,1.0,1.0,0.5,0.5,2.0,1.0,2.0,1.0,1.0
P,624,Pawniard,5,Normal,Sharp Blade Pokémon,2,Oscuridad,Acero,0.5,10.2,3,Defiant,Inner Focus,Pressure,340.0,45.0,85.0,70.0,40.0,40.0,60.0,120.0,35.0,68.0,Medium Fast,50.0,0.5,2.0,1.0,1.0,0.5,0.5,4.0,0.0,2.0,0.5,0.0,1.0,0.5,0.5,0.5,0.5,0.5,1.0
U,625,Bisharp,5,Normal,Sword Blade Pokémon,2,Oscuridad,Acero,1.6,70.0,3,Defiant,Inner Focus,Pressure,490.0,65.0,125.0,100.0,60.0,70.0,70.0,45.0,35.0,172.0,Medium Fast,50.0,0.5,2.0,1.0,1.0,0.5,0.5,4.0,0.0,2.0,0.5,0.0,1.0,0.5,0.5,0.5,0.5,0.5,1.0
P,627,Rufflet,5,Normal,Eaglet Pokémon,2,Normal,Volador,0.5,10.5,3,Keen Eye,Sheer Force,Hustle,350.0,70.0,83.0,50.0,37.0,50.0,60.0,190.0,70.0,70.0,Slow,100.0,1.0,1.0,1.0,2.0,0.5,2.0,1.0,1.0,0.0,1.0,1.0,0.5,2.0,0.0,1.0,1.0,1.0,1.0
U,628,Braviary,5,Normal,Valiant Pokémon,2,Normal,Volador,1.5,41.0,3,Keen Eye,Sheer Force,Defiant,510.0,100.0,123.0,75.0,57.0,75.0,80.0,60.0,70.0,179.0,Slow,100.0,1.0,1.0,1.0,2.0,0.5,2.0,1.0,1.0,0.0,1.0,1.0,0.5,2.0,0.0,1.0,1.0,1.0,1.0
P,629,Vullaby,5,Normal,Diapered Pokémon,2,Oscuridad,Volador,0.5,9.0,3,Big Pecks,Overcoat,Weak Armor,370.0,70.0,55.0,75.0,45.0,65.0,60.0,190.0,35.0,74.0,Slow,0.0,1.0,1.0,1.0,2.0,0.5,2.0,1.0,1.0,0.0,1.0,0.0,1.0,2.0,0.5,1.0,0.5,1.0,2.0
U,630,Mandibuzz,5,Normal,Bone Vulture Pokémon,2,Oscuridad,Volador,1.2,39.5,3,Big Pecks,Overcoat,Weak Armor,510.0,110.0,65.0,105.0,55.0,95.0,80.0,60.0,35.0,179.0,Slow,0.0,1.0,1.0,1.0,2.0,0.5,2.0,1.0,1.0,0.0,1.0,0.0,1.0,2.0,0.5,1.0,0.5,1.0,2.0
U,631,Heatmor,5,Normal,Anteater Pokémon,1,Fuego,,1.4,58.0,3,Gluttony,Flash Fire,White Smoke,484.0,85.0,97.0,66.0,105.0,66.0,65.0,90.0,70.0,169.0,Medium Fast,50.0,1.0,0.5,2.0,1.0,0.5,0.5,1.0,1.0,2.0,1.0,1.0,0.5,2.0,1.0,1.0,1.0,0.5,0.5
U,632,Durant,5,Normal,Iron Ant Pokémon,2,Bicho,Acero,0.3,33.0,3,Swarm,Hustle,Truant,484.0,58.0,109.0,112.0,48.0,48.0,109.0,90.0,70.0,169.0,Medium Fast,50.0,0.5,4.0,1.0,1.0,0.25,0.5,1.0,0.0,1.0,1.0,0.5,0.5,1.0,1.0,0.5,1.0,0.5,0.5
P,633,Deino,5,Normal,Irate Pokémon,2,Oscuridad,Dragón,0.8,17.3,1,Hustle,,,300.0,52.0,65.0,50.0,45.0,50.0,38.0,45.0,35.0,60.0,Slow,50.0,1.0,0.5,0.5,0.5,0.5,2.0,2.0,1.0,1.0,1.0,0.0,2.0,1.0,0.5,2.0,0.5,1.0,4.0
I,634,Zweilous,5,Normal,Hostile Pokémon,2,Oscuridad,Dragón,1.4,50.0,1,Hustle,,,420.0,72.0,85.0,70.0,65.0,70.0,58.0,45.0,35.0,147.0,Slow,50.0,1.0,0.5,0.5,0.5,0.5,2.0,2.0,1.0,1.0,1.0,0.0,2.0,1.0,0.5,2.0,0.5,1.0,4.0
U,635,Hydreigon,5,Normal,Brutal Pokémon,2,Oscuridad,Dragón,1.8,160.0,1,Levitate,,,600.0,92.0,105.0,90.0,125.0,90.0,98.0,45.0,35.0,270.0,Slow,50.0,1.0,0.5,0.5,0.5,0.5,2.0,2.0,1.0,0.0,1.0,0.0,2.0,1.0,0.5,2.0,0.5,1.0,4.0
P,659,Bunnelby,6,Normal,Digging Pokémon,1,Normal,,0.4,5.0,3,Pickup,Cheek Pouch,Huge Power,237.0,38.0,36.0,38.0,32.0,36.0,57.0,255.0,70.0,47.0,Medium Fast,50.0,1.0,1.0,1.0,1.0,1.0,1.0,2.0,1.0,1.0,1.0,1.0,1.0,1.0,0.0,1.0,1.0,1.0,1.0
U,660,Diggersby,6,Normal,Digging Pokémon,2,Normal,Tierra,1.0,42.4,3,Pickup,Cheek Pouch,Huge Power,423.0,85.0,56.0,77.0,50.0,77.0,78.0,127.0,70.0,148.0,Medium Fast,50.0,1.0,1.0,2.0,0.0,2.0,2.0,2.0,0.5,1.0,1.0,1.0,1.0,0.5,0.0,1.0,1.0,1.0,1.0
P,674,Pancham,6,Normal,Playful Pokémon,1,Luchador,,0.6,8.0,3,Iron Fist,Mold Breaker,Scrappy,348.0,67.0,82.0,62.0,46.0,48.0,43.0,220.0,70.0,70.0,Medium Fast,50.0,1.0,1.0,1.0,1.0,1.0,1.0,1.0,1.0,1.0,2.0,2.0,0.5,0.5,1.0,1.0,0.5,1.0,2.0
U,675,Pangoro,6,Normal,Daunting Pokémon,2,Luchador,Oscuridad,2.1,136.0,3,Iron Fist,Mold Breaker,Scrappy,495.0,95.0,124.0,78.0,69.0,71.0,58.0,65.0,70.0,173.0,Medium Fast,50.0,1.0,1.0,1.0,1.0,1.0,1.0,2.0,1.0,1.0,2.0,0.0,1.0,0.5,0.5,1.0,0.25,1.0,4.0
U,677,Espurr,6,Normal,Restraint Pokémon,1,Psíquico,,0.3,3.5,3,Keen Eye,Infiltrator,Own Tempo,355.0,62.0,48.0,54.0,63.0,60.0,68.0,190.0,70.0,71.0,Medium Fast,50.0,1.0,1.0,1.0,1.0,1.0,1.0,0.5,1.0,1.0,1.0,0.5,2.0,1.0,2.0,1.0,2.0,1.0,1.0
P,679,Honedge,6,Normal,Sword Pokémon,2,Acero,Fantasma,0.8,2.0,1,No Guard,,,325.0,45.0,80.0,100.0,35.0,37.0,28.0,180.0,70.0,65.0,Medium Fast,50.0,0.0,2.0,1.0,1.0,0.5,0.5,0.0,0.0,2.0,0.5,0.5,0.25,0.5,2.0,0.5,2.0,0.5,0.5
I,680,Doublade,6,Normal,Sword Pokémon,2,Acero,Fantasma,0.8,4.5,1,No Guard,,,448.0,59.0,110.0,150.0,45.0,49.0,35.0,90.0,70.0,157.0,Medium Fast,50.0,0.0,2.0,1.0,1.0,0.5,0.5,0.0,0.0,2.0,0.5,0.5,0.25,0.5,2.0,0.5,2.0,0.5,0.5
P,682,Spritzee,6,Normal,Perfume Pokémon,1,Hada,,0.2,0.5,2,Healer,,Aroma Veil,341.0,78.0,52.0,60.0,63.0,65.0,23.0,200.0,70.0,68.0,Medium Fast,50.0,1.0,1.0,1.0,1.0,1.0,1.0,0.5,2.0,1.0,1.0,1.0,0.5,1.0,1.0,0.0,0.5,2.0,1.0
U,683,Aromatisse,6,Normal,Fragrance Pokémon,1,Hada,,0.8,15.5,2,Healer,,Aroma Veil,462.0,101.0,72.0,72.0,99.0,89.0,29.0,140.0,70.0,162.0,Medium Fast,50.0,1.0,1.0,1.0,1.0,1.0,1.0,0.5,2.0,1.0,1.0,1.0,0.5,1.0,1.0,0.0,0.5,2.0,1.0
P,684,Swirlix,6,Normal,Cotton Candy Pokémon,1,Hada,,0.4,3.5,2,Sweet Veil,,Unburden,341.0,62.0,48.0,66.0,59.0,57.0,49.0,200.0,70.0,68.0,Medium Fast,50.0,1.0,1.0,1.0,1.0,1.0,1.0,0.5,2.0,1.0,1.0,1.0,0.5,1.0,1.0,0.0,0.5,2.0,1.0
U,685,Slurpuff,6,Normal,Meringue Pokémon,1,Hada,,0.8,5.0,2,Sweet Veil,,Unburden,480.0,82.0,80.0,86.0,85.0,75.0,72.0,140.0,70.0,168.0,Medium Fast,50.0,1.0,1.0,1.0,1.0,1.0,1.0,0.5,2.0,1.0,1.0,1.0,0.5,1.0,1.0,0.0,0.5,2.0,1.0
P,686,Inkay,6,Normal,Revolving Pokémon,2,Oscuridad,Psíquico,0.4,3.5,3,Contrary,Suction Cups,Infiltrator,288.0,53.0,54.0,53.0,37.0,46.0,45.0,190.0,70.0,58.0,Medium Fast,50.0,1.0,1.0,1.0,1.0,1.0,1.0,1.0,1.0,1.0,1.0,0.0,4.0,1.0,1.0,1.0,1.0,1.0,2.0
U,687,Malamar,6,Normal,Overturning Pokémon,2,Oscuridad,Psíquico,1.5,47.0,3,Contrary,Suction Cups,Infiltrator,482.0,86.0,92.0,88.0,68.0,75.0,73.0,80.0,70.0,169.0,Medium Fast,50.0,1.0,1.0,1.0,1.0,1.0,1.0,1.0,1.0,1.0,1.0,0.0,4.0,1.0,1.0,1.0,1.0,1.0,2.0
P,688,Binacle,6,Normal,Two-Handed Pokémon,2,Roca,Agua,0.5,31.0,3,Sniper,Tough Claws,Pickpocket,306.0,42.0,52.0,67.0,39.0,56.0,50.0,120.0,70.0,61.0,Medium Fast,50.0,0.5,0.25,1.0,2.0,4.0,0.5,2.0,0.5,2.0,0.5,1.0,1.0,1.0,1.0,1.0,1.0,1.0,1.0
U,689,Barbaracle,6,Normal,Collective Pokémon,2,Roca,Agua,1.3,96.0,3,Sniper,Tough Claws,Pickpocket,500.0,72.0,105.0,115.0,54.0,86.0,68.0,45.0,70.0,175.0,Medium Fast,50.0,0.5,0.25,1.0,2.0,4.0,0.5,2.0,0.5,2.0,0.5,1.0,1.0,1.0,1.0,1.0,1.0,1.0,1.0
P,694,Helioptile,6,Normal,Generator Pokémon,2,Eléctrico,Normal,0.5,6.0,3,Dry Skin,Sand Veil,Solar Power,289.0,44.0,38.0,33.0,61.0,43.0,70.0,190.0,70.0,58.0,Medium Fast,50.0,1.0,1.25,0.0,0.5,1.0,1.0,2.0,1.0,2.0,0.5,1.0,1.0,1.0,0.0,1.0,1.0,0.5,1.0
U,695,Heliolisk,6,Normal,Generator Pokémon,2,Eléctrico,Normal,1.0,21.0,3,Dry Skin,Sand Veil,Solar Power,481.0,62.0,55.0,52.0,109.0,94.0,109.0,75.0,70.0,168.0,Medium Fast,50.0,1.0,1.25,0.0,0.5,1.0,1.0,2.0,1.0,2.0,0.5,1.0,1.0,1.0,0.0,1.0,1.0,0.5,1.0
U,700,Sylveon,6,Normal,Intertwining Pokémon,1,Hada,,1.0,23.5,2,Cute Charm,,Pixilate,525.0,95.0,65.0,65.0,110.0,130.0,60.0,45.0,70.0,184.0,Medium Fast,87.5,1.0,1.0,1.0,1.0,1.0,1.0,0.5,2.0,1.0,1.0,1.0,0.5,1.0,1.0,0.0,0.5,2.0,1.0
U,701,Hawlucha,6,Normal,Wrestling Pokémon,2,Luchador,Volador,0.8,21.5,3,Limber,Unburden,Mold Breaker,500.0,78.0,92.0,75.0,74.0,63.0,118.0,100.0,70.0,175.0,Medium Fast,50.0,1.0,1.0,1.0,2.0,0.5,2.0,0.5,1.0,0.0,2.0,2.0,0.25,1.0,1.0,1.0,0.5,1.0,2.0
P,704,Goomy,6,Normal,Soft Tissue Pokémon,1,Dragón,,0.3,2.8,3,Sap Sipper,Hydration,Gooey,300.0,45.0,50.0,35.0,55.0,75.0,40.0,45.0,35.0,60.0,Slow,50.0,1.0,0.5,0.5,0.5,0.0,2.0,1.0,1.0,1.0,1.0,1.0,1.0,1.0,1.0,2.0,1.0,1.0,2.0
I,705,Sliggoo,6,Normal,Soft Tissue Pokémon,1,Dragón,,0.8,17.5,3,Sap Sipper,Hydration,Gooey,452.0,68.0,75.0,53.0,83.0,113.0,60.0,45.0,35.0,158.0,Slow,50.0,1.0,0.5,0.5,0.5,0.0,2.0,1.0,1.0,1.0,1.0,1.0,1.0,1.0,1.0,2.0,1.0,1.0,2.0
U,706,Goodra,6,Normal,Dragon Pokémon,1,Dragón,,2.0,150.5,3,Sap Sipper,Hydration,Gooey,600.0,90.0,100.0,70.0,110.0,150.0,80.0,45.0,35.0,270.0,Slow,50.0,1.0,0.5,0.5,0.5,0.0,2.0,1.0,1.0,1.0,1.0,1.0,1.0,1.0,1.0,2.0,1.0,1.0,2.0
P,708,Phantump,6,Normal,Stump Pokémon,2,Fantasma,Planta,0.4,7.0,3,Natural Cure,Frisk,Harvest,309.0,43.0,70.0,48.0,50.0,60.0,38.0,120.0,70.0,62.0,Medium Fast,50.0,0.0,2.0,0.5,0.5,0.5,2.0,0.0,1.0,0.5,2.0,1.0,1.0,1.0,2.0,1.0,2.0,1.0,1.0
U,709,Trevenant,6,Normal,Elder Tree Pokémon,2,Fantasma,Planta,1.5,71.0,3,Natural Cure,Frisk,Harvest,474.0,85.0,110.0,76.0,65.0,82.0,56.0,60.0,70.0,166.0,Medium Fast,50.0,0.0,2.0,0.5,0.5,0.5,2.0,0.0,1.0,0.5,2.0,1.0,1.0,1.0,2.0,1.0,2.0,1.0,1.0
P,712,Bergmite,6,Normal,Ice Chunk Pokémon,1,Hielo,,1.0,99.5,3,Own Tempo,Ice Body,Sturdy,304.0,55.0,69.0,85.0,32.0,35.0,28.0,190.0,70.0,61.0,Medium Fast,50.0,1.0,2.0,1.0,1.0,1.0,0.5,2.0,1.0,1.0,1.0,1.0,1.0,2.0,1.0,1.0,1.0,2.0,1.0
U,713,Avalugg,6,Normal,Iceberg Pokémon,1,Hielo,,2.0,505.0,3,Own Tempo,Ice Body,Sturdy,514.0,95.0,117.0,184.0,44.0,46.0,28.0,55.0,70.0,180.0,Medium Fast,50.0,1.0,2.0,1.0,1.0,1.0,0.5,2.0,1.0,1.0,1.0,1.0,1.0,2.0,1.0,1.0,1.0,2.0,1.0
P,714,Noibat,6,Normal,Sound Wave Pokémon,2,Volador,Dragón,0.5,8.0,3,Frisk,Infiltrator,Telepathy,245.0,40.0,30.0,35.0,45.0,40.0,55.0,190.0,70.0,49.0,Medium Fast,50.0,1.0,0.5,0.5,1.0,0.25,4.0,0.5,1.0,0.0,1.0,1.0,0.5,2.0,1.0,2.0,1.0,1.0,2.0
U,715,Noivern,6,Normal,Sound Wave Pokémon,2,Volador,Dragón,1.5,85.0,3,Frisk,Infiltrator,Telepathy,535.0,85.0,70.0,80.0,97.0,80.0,123.0,45.0,70.0,187.0,Medium Fast,50.0,1.0,0.5,0.5,1.0,0.25,4.0,0.5,1.0,0.0,1.0,1.0,0.5,2.0,1.0,2.0,1.0,1.0,2.0
P,736,Grubbin,7,Normal,Larva Pokémon,1,Bicho,,0.4,4.4,1,Swarm,,,300.0,47.0,62.0,45.0,55.0,45.0,46.0,255.0,70.0,60.0,Medium Fast,50.0,1.0,2.0,1.0,1.0,0.5,1.0,0.5,1.0,0.5,2.0,1.0,1.0,2.0,1.0,1.0,1.0,1.0,1.0
I,737,Charjabug,7,Normal,Battery Pokémon,2,Bicho,Eléctrico,0.5,10.5,1,Battery,,,400.0,57.0,82.0,95.0,55.0,75.0,36.0,120.0,70.0,140.0,Medium Fast,50.0,1.0,2.0,1.0,0.5,0.5,1.0,0.5,1.0,1.0,1.0,1.0,1.0,2.0,1.0,1.0,1.0,0.5,1.0
U,738,Vikavolt,7,Normal,Stag Beetle Pokémon,2,Bicho,Eléctrico,1.5,45.0,1,Levitate,,,500.0,77.0,70.0,90.0,145.0,75.0,43.0,45.0,70.0,225.0,Medium Fast,50.0,1.0,2.0,1.0,0.5,0.5,1.0,0.5,1.0,0.0,1.0,1.0,1.0,2.0,1.0,1.0,1.0,0.5,1.0
P,742,Cutiefly,7,Normal,Bee Fly Pokémon,2,Bicho,Hada,0.1,0.2,3,Honey Gather,Shield Dust,Sweet Veil,304.0,40.0,45.0,40.0,55.0,40.0,84.0,190.0,70.0,61.0,Medium Fast,50.0,1.0,2.0,1.0,1.0,0.5,1.0,0.25,2.0,0.5,2.0,1.0,0.5,2.0,1.0,0.0,0.5,2.0,1.0
U,743,Ribombee,7,Normal,Bee Fly Pokémon,2,Bicho,Hada,0.2,0.5,3,Honey Gather,Shield Dust,Sweet Veil,464.0,60.0,55.0,60.0,95.0,70.0,124.0,75.0,70.0,162.0,Medium Fast,50.0,1.0,2.0,1.0,1.0,0.5,1.0,0.25,2.0,0.5,2.0,1.0,0.5,2.0,1.0,0.0,0.5,2.0,1.0
P,747,Mareanie,7,Normal,Brutal Star Pokémon,2,Posión,Agua,0.4,8.0,3,Merciless,Limber,Regenerator,305.0,50.0,53.0,62.0,43.0,52.0,45.0,190.0,70.0,61.0,Medium Fast,50.0,1.0,0.5,0.5,2.0,1.0,0.5,0.5,0.5,2.0,1.0,2.0,0.5,1.0,1.0,1.0,1.0,0.5,0.5
U,748,Toxapex,7,Normal,Brutal Star Pokémon,2,Posión,Agua,0.7,14.5,3,Merciless,Limber,Regenerator,495.0,50.0,63.0,152.0,53.0,142.0,35.0,75.0,70.0,173.0,Medium Fast,50.0,1.0,0.5,0.5,2.0,1.0,0.5,0.5,0.5,2.0,1.0,2.0,0.5,1.0,1.0,1.0,1.0,0.5,0.5
P,749,Mudbray,7,Normal,Donkey Pokémon,1,Tierra,,1.0,110.0,3,Own Tempo,Stamina,Inner Focus,385.0,70.0,100.0,70.0,45.0,55.0,45.0,190.0,70.0,77.0,Medium Fast,50.0,1.0,1.0,2.0,0.0,2.0,2.0,1.0,0.5,1.0,1.0,1.0,1.0,0.5,1.0,1.0,1.0,1.0,1.0
U,750,Mudsdale,7,Normal,Draft Horse Pokémon,1,Tierra,,2.5,920.0,3,Own Tempo,Stamina,Inner Focus,500.0,100.0,125.0,100.0,55.0,85.0,35.0,60.0,70.0,175.0,Medium Fast,50.0,1.0,1.0,2.0,0.0,2.0,2.0,1.0,0.5,1.0,1.0,1.0,1.0,0.5,1.0,1.0,1.0,1.0,1.0
P,751,Dewpider,7,Normal,Water Bubble Pokémon,2,Agua,Bicho,0.3,4.0,2,Water Bubble,,Water Absorb,269.0,38.0,40.0,52.0,40.0,72.0,27.0,200.0,70.0,54.0,Medium Fast,50.0,1.0,0.5,0.5,2.0,1.0,0.5,0.5,1.0,0.5,2.0,1.0,1.0,2.0,1.0,1.0,1.0,0.5,1.0
U,752,Araquanid,7,Normal,Water Bubble Pokémon,2,Agua,Bicho,1.8,82.0,2,Water Bubble,,Water Absorb,454.0,68.0,70.0,92.0,50.0,132.0,42.0,100.0,70.0,159.0,Medium Fast,50.0,1.0,0.5,0.5,2.0,1.0,0.5,0.5,1.0,0.5,2.0,1.0,1.0,2.0,1.0,1.0,1.0,0.5,1.0
P,755,Morelull,7,Normal,Illuminating Pokémon,2,Planta,Hada,0.2,1.5,3,Illuminate,Effect Spore,Rain Dish,285.0,40.0,35.0,55.0,65.0,75.0,15.0,190.0,70.0,57.0,Medium Fast,50.0,1.0,2.0,0.5,0.5,0.5,2.0,0.5,4.0,0.5,2.0,1.0,1.0,1.0,1.0,0.0,0.5,2.0,1.0
U,756,Shiinotic,7,Normal,Illuminating Pokémon,2,Planta,Hada,1.0,11.5,3,Illuminate,Effect Spore,Rain Dish,405.0,60.0,45.0,80.0,90.0,100.0,30.0,75.0,70.0,142.0,Medium Fast,50.0,1.0,2.0,0.5,0.5,0.5,2.0,0.5,4.0,0.5,2.0,1.0,1.0,1.0,1.0,0.0,0.5,2.0,1.0
P,757,Salandit,7,Normal,Toxic Lizard Pokémon,2,Posión,Fuego,0.6,4.8,2,Corrosion,,Oblivious,320.0,48.0,44.0,40.0,71.0,40.0,77.0,120.0,70.0,64.0,Medium Fast,87.5,1.0,0.5,2.0,1.0,0.25,0.5,0.5,0.5,4.0,1.0,2.0,0.25,2.0,1.0,1.0,1.0,0.5,0.25
U,758,Salazzle,7,Normal,Toxic Lizard Pokémon,2,Posión,Fuego,1.2,22.2,2,Corrosion,,Oblivious,480.0,68.0,64.0,60.0,111.0,60.0,117.0,45.0,70.0,168.0,Medium Fast,0.0,1.0,0.5,2.0,1.0,0.25,0.5,0.5,0.5,4.0,1.0,2.0,0.25,2.0,1.0,1.0,1.0,0.5,0.25
P,759,Stufful,7,Normal,Flailing Pokémon,2,Normal,Luchador,0.5,6.8,3,Fluffy,Klutz,Cute Charm,340.0,70.0,75.0,50.0,45.0,50.0,50.0,140.0,70.0,68.0,Medium Fast,50.0,1.0,2.0,1.0,1.0,1.0,1.0,2.0,1.0,1.0,2.0,2.0,0.5,0.5,0.0,1.0,0.5,1.0,2.0
U,760,Bewear,7,Normal,Strong Arm Pokémon,2,Normal,Luchador,2.1,135.0,3,Fluffy,Klutz,Unnerve,500.0,120.0,125.0,80.0,55.0,60.0,60.0,70.0,70.0,175.0,Medium Fast,50.0,1.0,2.0,1.0,1.0,1.0,1.0,2.0,1.0,1.0,2.0,2.0,0.5,0.5,0.0,1.0,0.5,1.0,2.0
P,761,Bounsweet,7,Normal,Fruit Pokémon,1,Planta,,0.3,3.2,3,Leaf Guard,Oblivious,Sweet Veil,210.0,42.0,30.0,38.0,30.0,38.0,32.0,235.0,70.0,42.0,Medium Slow,0.0,1.0,2.0,0.5,0.5,0.5,2.0,1.0,2.0,0.5,2.0,1.0,2.0,1.0,1.0,1.0,1.0,1.0,1.0
I,762,Steenee,7,Normal,Fruit Pokémon,1,Planta,,0.7,8.2,3,Leaf Guard,Oblivious,Sweet Veil,290.0,52.0,40.0,48.0,40.0,48.0,62.0,120.0,70.0,102.0,Medium Slow,0.0,1.0,2.0,0.5,0.5,0.5,2.0,1.0,2.0,0.5,2.0,1.0,2.0,1.0,1.0,1.0,1.0,1.0,1.0
U,763,Tsareena,7,Normal,Fruit Pokémon,1,Planta,,1.2,21.4,3,Leaf Guard,Queenly Majesty,Sweet Veil,510.0,72.0,120.0,98.0,50.0,98.0,72.0,45.0,70.0,230.0,Medium Slow,0.0,1.0,2.0,0.5,0.5,0.5,2.0,1.0,2.0,0.5,2.0,1.0,2.0,1.0,1.0,1.0,1.0,1.0,1.0
U,765,Oranguru,7,Normal,Sage Pokémon,2,Normal,Psíquico,1.5,76.0,3,Inner Focus,Telepathy,Symbiosis,490.0,90.0,60.0,80.0,90.0,110.0,60.0,45.0,70.0,172.0,Slow,50.0,1.0,1.0,1.0,1.0,1.0,1.0,1.0,1.0,1.0,1.0,0.5,2.0,1.0,0.0,1.0,2.0,1.0,1.0
U,766,Passimian,7,Normal,Teamwork Pokémon,1,Luchador,,2.0,82.8,2,Receiver,,Defiant,490.0,100.0,120.0,90.0,40.0,60.0,80.0,45.0,70.0,172.0,Slow,50.0,1.0,1.0,1.0,1.0,1.0,1.0,1.0,1.0,1.0,2.0,2.0,0.5,0.5,1.0,1.0,0.5,1.0,2.0
P,767,Wimpod,7,Normal,Turn Tail Pokémon,2,Bicho,Agua,0.5,12.0,1,Wimp Out,,,230.0,25.0,35.0,40.0,20.0,30.0,80.0,90.0,70.0,46.0,Medium Fast,50.0,1.0,1.0,0.5,2.0,1.0,0.5,0.5,1.0,0.5,2.0,1.0,1.0,2.0,1.0,1.0,1.0,0.5,1.0
U,768,Golisopod,7,Normal,Hard Scale Pokémon,2,Bicho,Agua,2.0,108.0,1,Emergency Exit,,,530.0,75.0,125.0,140.0,60.0,90.0,40.0,45.0,70.0,186.0,Medium Fast,50.0,1.0,1.0,0.5,2.0,1.0,0.5,0.5,1.0,0.5,2.0,1.0,1.0,2.0,1.0,1.0,1.0,0.5,1.0
U,771,Pyukumuku,7,Normal,Sea Cucumber Pokémon,1,Agua,,0.3,1.2,2,Innards Out,,Unaware,410.0,55.0,60.0,130.0,30.0,130.0,5.0,60.0,70.0,144.0,Fast,50.0,1.0,0.5,0.5,2.0,2.0,0.5,1.0,1.0,1.0,1.0,1.0,1.0,1.0,1.0,1.0,1.0,0.5,1.0
U,773,Silvally,7,Semi_Legendario,Synthetic Pokémon,1,Normal,,2.3,100.5,1,RKS System,,,570.0,95.0,95.0,95.0,95.0,95.0,95.0,3.0,0.0,257.0,Slow,,1.0,1.0,1.0,1.0,1.0,1.0,2.0,1.0,1.0,1.0,1.0,1.0,1.0,0.0,1.0,1.0,1.0,1.0
U,776,Turtonator,7,Normal,Blast Turtle Pokémon,2,Fuego,Dragón,2.0,212.0,1,Shell Armor,,,485.0,60.0,78.0,135.0,91.0,85.0,36.0,70.0,70.0,170.0,Medium Fast,50.0,1.0,0.25,1.0,0.5,0.25,1.0,1.0,1.0,2.0,1.0,1.0,0.5,2.0,1.0,2.0,1.0,0.5,1.0
U,777,Togedemaru,7,Normal,Roly-Poly Pokémon,2,Eléctrico,Acero,0.3,3.3,3,Iron Barbs,Lightning Rod,Sturdy,435.0,65.0,98.0,63.0,40.0,73.0,96.0,180.0,70.0,152.0,Medium Fast,50.0,0.5,2.0,1.0,0.5,0.5,0.5,2.0,0.0,4.0,0.25,0.5,0.5,0.5,1.0,0.5,1.0,0.25,0.5
U,778,Mimikyu,7,Normal,Disguise Pokémon,2,Fantasma,Hada,0.2,0.7,1,Disguise,,,476.0,55.0,90.0,80.0,50.0,105.0,96.0,45.0,70.0,167.0,Medium Fast,50.0,0.0,1.0,1.0,1.0,1.0,1.0,0.0,1.0,1.0,1.0,1.0,0.25,1.0,2.0,0.0,1.0,2.0,1.0
U,780,Drampa,7,Normal,Placid Pokémon,2,Normal,Dragón,3.0,185.0,3,Berserk,Sap Sipper,Cloud Nine,485.0,78.0,60.0,85.0,135.0,91.0,36.0,70.0,70.0,170.0,Medium Fast,50.0,1.0,0.5,0.5,0.5,0.5,2.0,2.0,1.0,1.0,1.0,1.0,1.0,1.0,0.0,2.0,1.0,1.0,2.0
U,781,Dhelmise,7,Normal,Sea Creeper Pokémon,2,Fantasma,Planta,3.9,210.0,1,Steelworker,,,517.0,70.0,131.0,100.0,86.0,90.0,40.0,25.0,70.0,181.0,Medium Fast,,0.0,2.0,0.5,0.5,0.5,2.0,0.0,1.0,0.5,2.0,1.0,1.0,1.0,2.0,1.0,2.0,1.0,1.0
P,810,Grookey,8,Normal,Chimp Pokémon,1,Planta,,0.3,5.0,2,Overgrow,,Grassy Surge,310.0,50.0,65.0,50.0,40.0,40.0,65.0,,,,Medium Slow,,1.0,2.0,0.5,0.5,0.5,2.0,1.0,2.0,0.5,2.0,1.0,2.0,1.0,1.0,1.0,1.0,1.0,1.0
I,811,Thwackey,8,Normal,Beat Pokémon,1,Planta,,0.7,14.0,2,Overgrow,,Grassy Surge,420.0,70.0,85.0,70.0,55.0,60.0,80.0,,,,Medium Slow,,1.0,2.0,0.5,0.5,0.5,2.0,1.0,2.0,0.5,2.0,1.0,2.0,1.0,1.0,1.0,1.0,1.0,1.0
U,812,Rillaboom,8,Normal,Drummer Pokémon,1,Planta,,2.1,90.0,2,Overgrow,,Grassy Surge,530.0,100.0,125.0,90.0,60.0,70.0,85.0,,,,Medium Slow,,1.0,2.0,0.5,0.5,0.5,2.0,1.0,2.0,0.5,2.0,1.0,2.0,1.0,1.0,1.0,1.0,1.0,1.0
P,813,Scorbunny,8,Normal,Rabbit Pokémon,1,Fuego,,0.3,4.5,2,Blaze,,Libero,310.0,50.0,71.0,40.0,40.0,40.0,69.0,,,,Medium Slow,,1.0,0.5,2.0,1.0,0.5,0.5,1.0,1.0,2.0,1.0,1.0,0.5,2.0,1.0,1.0,1.0,0.5,0.5
I,814,Raboot,8,Normal,Rabbit Pokémon,1,Fuego,,0.6,9.0,2,Blaze,,Libero,420.0,65.0,86.0,60.0,55.0,60.0,94.0,,,,Medium Slow,,1.0,0.5,2.0,1.0,0.5,0.5,1.0,1.0,2.0,1.0,1.0,0.5,2.0,1.0,1.0,1.0,0.5,0.5
U,815,Cinderace,8,Normal,Striker Pokémon,1,Fuego,,1.4,33.0,2,Blaze,,Libero,530.0,80.0,116.0,75.0,65.0,75.0,119.0,,,,Medium Slow,,1.0,0.5,2.0,1.0,0.5,0.5,1.0,1.0,2.0,1.0,1.0,0.5,2.0,1.0,1.0,1.0,0.5,0.5
P,816,Sobble,8,Normal,Water Lizard Pokémon,1,Agua,,0.3,4.0,2,Torrent,,Sniper,310.0,50.0,40.0,40.0,70.0,40.0,70.0,,,,Medium Slow,,1.0,0.5,0.5,2.0,2.0,0.5,1.0,1.0,1.0,1.0,1.0,1.0,1.0,1.0,1.0,1.0,0.5,1.0
I,817,Drizzile,8,Normal,Water lizard Pokémon,1,Agua,,0.7,11.5,2,Torrent,,Sniper,420.0,65.0,60.0,55.0,95.0,55.0,90.0,,,,Medium Slow,,1.0,0.5,0.5,2.0,2.0,0.5,1.0,1.0,1.0,1.0,1.0,1.0,1.0,1.0,1.0,1.0,0.5,1.0
U,818,Inteleon,8,Normal,Secret Agent Pokémon,1,Agua,,1.9,45.2,2,Torrent,,Sniper,530.0,70.0,85.0,65.0,125.0,65.0,120.0,,,,Medium Slow,,1.0,0.5,0.5,2.0,2.0,0.5,1.0,1.0,1.0,1.0,1.0,1.0,1.0,1.0,1.0,1.0,0.5,1.0
P,819,Skwovet,8,Normal,Cheeky Pokémon,1,Normal,,0.3,2.5,2,Cheek Pouch,,Gluttony,275.0,70.0,55.0,55.0,35.0,35.0,25.0,,,,Medium Fast,,1.0,1.0,1.0,1.0,1.0,1.0,2.0,1.0,1.0,1.0,1.0,1.0,1.0,0.0,1.0,1.0,1.0,1.0
U,820,Greedent,8,Normal,Greedy Pokémon,1,Normal,,0.6,6.0,2,Cheek Pouch,,Gluttony,460.0,120.0,95.0,95.0,55.0,75.0,20.0,,,,Medium Fast,,1.0,1.0,1.0,1.0,1.0,1.0,2.0,1.0,1.0,1.0,1.0,1.0,1.0,0.0,1.0,1.0,1.0,1.0
P,821,Rookidee,8,Normal,Tiny Bird Pokémon,1,Volador,,0.2,1.8,3,Keen Eye,Unnerve,Big Pecks,245.0,38.0,47.0,35.0,33.0,35.0,57.0,,,,Medium Slow,,1.0,1.0,1.0,2.0,0.5,2.0,0.5,1.0,0.0,1.0,1.0,0.5,2.0,1.0,1.0,1.0,1.0,1.0
I,822,Corvisquire,8,Normal,Raven Pokémon,1,Volador,,0.8,16.0,3,Keen Eye,Unnerve,Big Pecks,365.0,68.0,67.0,55.0,43.0,55.0,77.0,,,,Medium Slow,,1.0,1.0,1.0,2.0,0.5,2.0,0.5,1.0,0.0,1.0,1.0,0.5,2.0,1.0,1.0,1.0,1.0,1.0
U,823,Corviknight,8,Normal,Raven Pokémon,2,Volador,Acero,2.2,75.0,3,Pressure,Unnerve,Mirror Armor,495.0,98.0,87.0,105.0,53.0,85.0,67.0,,,,Medium Slow,,0.5,2.0,1.0,2.0,0.25,1.0,1.0,0.0,0.0,0.5,0.5,0.25,1.0,1.0,0.5,1.0,0.5,0.5
P,824,Blipbug,8,Normal,Larva Pokémon,1,Bicho,,0.4,8.0,3,Swarm,Compound Eyes,Telepathy,180.0,25.0,20.0,20.0,25.0,45.0,45.0,,,,Medium Fast,,1.0,2.0,1.0,1.0,0.5,1.0,0.5,1.0,0.5,2.0,1.0,1.0,2.0,1.0,1.0,1.0,1.0,1.0
I,825,Dottler,8,Normal,Radome Pokémon,2,Bicho,Psíquico,0.4,19.5,3,Swarm,Compound Eyes,Telepathy,335.0,50.0,35.0,80.0,50.0,90.0,30.0,,,,Medium Fast,,1.0,2.0,1.0,1.0,0.5,1.0,0.25,1.0,0.5,2.0,0.5,2.0,2.0,2.0,1.0,2.0,1.0,1.0
U,826,Orbeetle,8,Normal,Seven Spot Pokémon,2,Bicho,Psíquico,0.4,40.8,3,Swarm,Frisk,Telepathy,505.0,60.0,45.0,110.0,80.0,120.0,90.0,,,,Medium Fast,,1.0,2.0,1.0,1.0,0.5,1.0,0.25,1.0,0.5,2.0,0.5,2.0,2.0,2.0,1.0,2.0,1.0,1.0
P,827,Nickit,8,Normal,Fox Pokémon,1,Oscuridad,,0.6,8.9,3,Run Away,Unburden,Stakeout,245.0,40.0,28.0,28.0,47.0,52.0,50.0,,,,Fast,,1.0,1.0,1.0,1.0,1.0,1.0,2.0,1.0,1.0,1.0,0.0,2.0,1.0,0.5,1.0,0.5,1.0,2.0
U,828,Thievul,8,Normal,Fox Pokémon,1,Oscuridad,,1.2,19.9,3,Run Away,Unburden,Stakeout,455.0,70.0,58.0,58.0,87.0,92.0,90.0,,,,Fast,,1.0,1.0,1.0,1.0,1.0,1.0,2.0,1.0,1.0,1.0,0.0,2.0,1.0,0.5,1.0,0.5,1.0,2.0
P,829,Gossifleur,8,Normal,Flowering Pokémon,1,Planta,,0.4,2.2,3,Cotton Down,Regenerator,Effect Spore,250.0,40.0,40.0,60.0,40.0,60.0,10.0,,,,Medium Fast,,1.0,2.0,0.5,0.5,0.5,2.0,1.0,2.0,0.5,2.0,1.0,2.0,1.0,1.0,1.0,1.0,1.0,1.0
U,830,Eldegoss,8,Normal,Cotton Bloom Pokémon,1,Planta,,0.5,2.5,3,Cotton Down,Regenerator,Effect Spore,460.0,60.0,50.0,90.0,80.0,120.0,60.0,,,,Medium Fast,,1.0,2.0,0.5,0.5,0.5,2.0,1.0,2.0,0.5,2.0,1.0,2.0,1.0,1.0,1.0,1.0,1.0,1.0
P,831,Wooloo,8,Normal,Sheep Pokémon,1,Normal,,0.6,6.0,3,Fluffy,Run Away,Bulletproof,270.0,42.0,40.0,55.0,40.0,45.0,48.0,,,,Medium Fast,,1.0,2.0,1.0,1.0,1.0,1.0,2.0,1.0,1.0,1.0,1.0,1.0,1.0,0.0,1.0,1.0,1.0,1.0
U,832,Dubwool,8,Normal,Sheep Pokémon,1,Normal,,1.3,43.0,3,Fluffy,Steadfast,Bulletproof,490.0,72.0,80.0,100.0,60.0,90.0,88.0,,,,Medium Fast,,1.0,2.0,1.0,1.0,1.0,1.0,2.0,1.0,1.0,1.0,1.0,1.0,1.0,0.0,1.0,1.0,1.0,1.0
P,833,Chewtle,8,Normal,Snapping Pokémon,1,Agua,,0.3,8.5,3,Strong Jaw,Shell Armor,Swift Swim,284.0,50.0,64.0,50.0,38.0,38.0,44.0,,,,Medium Fast,,1.0,0.5,0.5,2.0,2.0,0.5,1.0,1.0,1.0,1.0,1.0,1.0,1.0,1.0,1.0,1.0,0.5,1.0
U,834,Drednaw,8,Normal,Bite Pokémon,2,Agua,Roca,1.0,115.5,3,Strong Jaw,Shell Armor,Swift Swim,485.0,90.0,115.0,90.0,48.0,68.0,74.0,,,,Medium Fast,,0.5,0.25,1.0,2.0,4.0,0.5,2.0,0.5,2.0,0.5,1.0,1.0,1.0,1.0,1.0,1.0,1.0,1.0
P,835,Yamper,8,Normal,Puppy Pokémon,1,Eléctrico,,0.3,13.5,2,Ball Fetch,,Rattled,270.0,59.0,45.0,50.0,40.0,50.0,26.0,,,,Fast,,1.0,1.0,1.0,0.5,1.0,1.0,1.0,1.0,2.0,0.5,1.0,1.0,1.0,1.0,1.0,1.0,0.5,1.0
U,836,Boltund,8,Normal,Dog Pokémon,1,Eléctrico,,1.0,34.0,2,Strong Jaw,,Competitive,490.0,69.0,90.0,60.0,90.0,60.0,121.0,,,,Fast,,1.0,1.0,1.0,0.5,1.0,1.0,1.0,1.0,2.0,0.5,1.0,1.0,1.0,1.0,1.0,1.0,0.5,1.0
P,837,Rolycoly,8,Normal,Coal Pokémon,1,Roca,,0.3,12.0,3,Steam Engine,Heatproof,Flash Fire,240.0,30.0,40.0,50.0,40.0,50.0,30.0,,,,Medium Slow,,0.5,0.5,2.0,1.0,2.0,1.0,2.0,0.5,2.0,0.5,1.0,1.0,1.0,1.0,1.0,1.0,2.0,1.0
I,838,Carkol,8,Normal,Coal Pokémon,2,Roca,Fuego,1.1,78.0,3,Steam Engine,Flame Body,Flash Fire,410.0,80.0,60.0,90.0,60.0,70.0,50.0,,,,Medium Slow,,0.5,0.25,4.0,1.0,1.0,0.5,2.0,0.5,4.0,0.5,1.0,0.5,2.0,1.0,1.0,1.0,1.0,0.5
U,839,Coalossal,8,Normal,Coal Pokémon,2,Roca,Fuego,2.8,310.5,3,Steam Engine,Flame Body,Flash Fire,510.0,110.0,80.0,120.0,80.0,90.0,30.0,,,,Medium Slow,,0.5,0.25,4.0,1.0,1.0,0.5,2.0,0.5,4.0,0.5,1.0,0.5,2.0,1.0,1.0,1.0,1.0,0.5
P,840,Applin,8,Normal,Apple Core Pokémon,2,Planta,Dragón,0.2,0.5,3,Ripen,Gluttony,Bulletproof,260.0,40.0,40.0,80.0,40.0,40.0,20.0,,,,Erratic,,1.0,1.0,0.25,0.25,0.25,4.0,1.0,2.0,0.5,2.0,1.0,2.0,1.0,1.0,2.0,1.0,1.0,2.0
U,841,Flapple,8,Normal,Apple Wing Pokémon,2,Planta,Dragón,0.3,1.0,3,Ripen,Gluttony,Hustle,485.0,70.0,110.0,80.0,95.0,60.0,70.0,,,,Erratic,,1.0,1.0,0.25,0.25,0.25,4.0,1.0,2.0,0.5,2.0,1.0,2.0,1.0,1.0,2.0,1.0,1.0,2.0
U,842,Appletun,8,Normal,Apple Nectar Pokémon,2,Planta,Dragón,0.4,13.0,3,Ripen,Gluttony,Thick Fat,485.0,110.0,85.0,80.0,100.0,80.0,30.0,,,,Erratic,,1.0,1.0,0.25,0.25,0.25,4.0,1.0,2.0,0.5,2.0,1.0,2.0,1.0,1.0,2.0,1.0,1.0,2.0
P,843,Silicobra,8,Normal,Sand Snake Pokémon,1,Tierra,,2.2,7.6,3,Sand Spit,Shed Skin,Sand Veil,315.0,52.0,57.0,75.0,35.0,50.0,46.0,,,,Medium Fast,,1.0,1.0,2.0,0.0,2.0,2.0,1.0,0.5,1.0,1.0,1.0,1.0,0.5,1.0,1.0,1.0,1.0,1.0
U,844,Sandaconda,8,Normal,Sand Snake Pokémon,1,Tierra,,3.8,65.5,3,Sand Spit,Shed Skin,Sand Veil,510.0,72.0,107.0,125.0,65.0,70.0,71.0,,,,Medium Fast,,1.0,1.0,2.0,0.0,2.0,2.0,1.0,0.5,1.0,1.0,1.0,1.0,0.5,1.0,1.0,1.0,1.0,1.0
U,845,Cramorant,8,Normal,Gulp Pokémon,2,Volador,Agua,0.8,18.0,1,Gulp Missile,,,475.0,70.0,85.0,55.0,85.0,95.0,85.0,,,,Medium Fast,,1.0,0.5,0.5,4.0,1.0,1.0,0.5,1.0,0.0,1.0,1.0,0.5,2.0,1.0,1.0,1.0,0.5,1.0
P,846,Arrokuda,8,Normal,Rush Pokémon,1,Agua,,0.5,1.0,2,Swift Swim,,Propeller Tail,280.0,41.0,63.0,40.0,40.0,30.0,66.0,,,,Slow,,1.0,0.5,0.5,2.0,2.0,0.5,1.0,1.0,1.0,1.0,1.0,1.0,1.0,1.0,1.0,1.0,0.5,1.0
U,847,Barraskewda,8,Normal,Skewer Pokémon,1,Agua,,1.3,30.0,2,Swift Swim,,Propeller Tail,490.0,61.0,123.0,60.0,60.0,50.0,136.0,,,,Slow,,1.0,0.5,0.5,2.0,2.0,0.5,1.0,1.0,1.0,1.0,1.0,1.0,1.0,1.0,1.0,1.0,0.5,1.0
P,848,Toxel,8,Normal,Baby Pokémon,2,Eléctrico,Posión,0.4,11.0,3,Rattled,Static,Klutz,242.0,40.0,38.0,35.0,54.0,35.0,40.0,,,,Medium Slow,,1.0,1.0,1.0,0.5,0.5,1.0,0.5,0.5,4.0,0.5,2.0,0.5,1.0,1.0,1.0,1.0,0.5,0.5
U,849,Toxtricity,8,Normal,Punk Pokémon,2,Eléctrico,Posión,1.6,40.0,3,Punk Rock,Minus,Technician,502.0,75.0,98.0,70.0,114.0,70.0,75.0,,,,Medium Slow,,1.0,1.0,1.0,0.5,0.5,1.0,0.5,0.5,4.0,0.5,2.0,0.5,1.0,1.0,1.0,1.0,0.5,0.5
P,850,Sizzlipede,8,Normal,Radiator Pokémon,2,Fuego,Bicho,0.7,1.0,3,Flash Fire,White Smoke,Flame Body,305.0,50.0,65.0,45.0,50.0,50.0,45.0,,,,Medium Fast,,1.0,0.0,2.0,1.0,0.25,0.5,0.5,1.0,1.0,2.0,1.0,0.5,4.0,1.0,1.0,1.0,0.5,0.5
U,851,Centiskorch,8,Normal,Radiator Pokémon,2,Fuego,Bicho,3.0,120.0,3,Flash Fire,White Smoke,Flame Body,525.0,100.0,115.0,65.0,90.0,90.0,65.0,,,,Medium Fast,,1.0,0.0,2.0,1.0,0.25,0.5,0.5,1.0,1.0,2.0,1.0,0.5,4.0,1.0,1.0,1.0,0.5,0.5
P,852,Clobbopus,8,Normal,Tantrum Pokémon,1,Luchador,,0.6,4.0,2,Limber,,Technician,310.0,50.0,68.0,60.0,50.0,50.0,32.0,,,,Medium Slow,,1.0,1.0,1.0,1.0,1.0,1.0,1.0,1.0,1.0,2.0,2.0,0.5,0.5,1.0,1.0,0.5,1.0,2.0
U,853,Grapploct,8,Normal,Tantrum Pokémon,1,Luchador,,1.6,39.0,2,Limber,,Technician,480.0,80.0,118.0,90.0,70.0,80.0,42.0,,,,Medium Slow,,1.0,1.0,1.0,1.0,1.0,1.0,1.0,1.0,1.0,2.0,2.0,0.5,0.5,1.0,1.0,0.5,1.0,2.0
P,854,Sinistea,8,Normal,Black Tea Pokémon,1,Fantasma,,0.1,0.2,2,Weak Armor,,Cursed Body,308.0,40.0,45.0,45.0,74.0,54.0,50.0,,,,Medium Fast,,0.0,1.0,1.0,1.0,1.0,1.0,0.0,0.5,1.0,1.0,1.0,0.5,1.0,2.0,1.0,2.0,1.0,1.0
U,855,Polteageist,8,Normal,Black Tea Pokémon,1,Fantasma,,0.2,0.4,2,Weak Armor,,Cursed Body,508.0,60.0,65.0,65.0,134.0,114.0,70.0,,,,Medium Fast,,0.0,1.0,1.0,1.0,1.0,1.0,0.0,0.5,1.0,1.0,1.0,0.5,1.0,2.0,1.0,2.0,1.0,1.0
P,856,Hatenna,8,Normal,Calm Pokémon,1,Psíquico,,0.4,3.4,3,Healer,Anticipation,Magic Bounce,265.0,42.0,30.0,45.0,56.0,53.0,39.0,,,,Slow,,1.0,1.0,1.0,1.0,1.0,1.0,0.5,1.0,1.0,1.0,0.5,2.0,1.0,2.0,1.0,2.0,1.0,1.0
I,857,Hattrem,8,Normal,Serene Pokémon,1,Psíquico,,0.6,4.8,3,Healer,Anticipation,Magic Bounce,370.0,57.0,40.0,65.0,86.0,73.0,49.0,,,,Slow,,1.0,1.0,1.0,1.0,1.0,1.0,0.5,1.0,1.0,1.0,0.5,2.0,1.0,2.0,1.0,2.0,1.0,1.0
U,858,Hatterene,8,Normal,Silent Pokémon,2,Psíquico,Hada,2.1,5.0,3,Healer,Anticipation,Magic Bounce,510.0,57.0,90.0,95.0,136.0,103.0,29.0,,,,Slow,,1.0,1.0,1.0,1.0,1.0,1.0,0.25,2.0,1.0,1.0,0.5,1.0,1.0,2.0,0.0,1.0,2.0,1.0
P,859,Impidimp,8,Normal,Wily Pokémon,2,Oscuridad,Hada,0.4,5.5,3,Prankster,Frisk,Pickpocket,265.0,45.0,45.0,30.0,55.0,40.0,50.0,,,,Medium Fast,,1.0,1.0,1.0,1.0,1.0,1.0,1.0,2.0,1.0,1.0,0.0,1.0,1.0,0.5,0.0,0.25,2.0,2.0
I,860,Morgrem,8,Normal,Devious Pokémon,2,Oscuridad,Hada,0.8,12.5,3,Prankster,Frisk,Pickpocket,370.0,65.0,60.0,45.0,75.0,55.0,70.0,,,,Medium Fast,,1.0,1.0,1.0,1.0,1.0,1.0,1.0,2.0,1.0,1.0,0.0,1.0,1.0,0.5,0.0,0.25,2.0,2.0
U,861,Grimmsnarl,8,Normal,Bulk Up Pokémon,2,Oscuridad,Hada,1.5,61.0,3,Prankster,Frisk,Pickpocket,510.0,95.0,120.0,65.0,95.0,75.0,60.0,,,,Medium Fast,,1.0,1.0,1.0,1.0,1.0,1.0,1.0,2.0,1.0,1.0,0.0,1.0,1.0,0.5,0.0,0.25,2.0,2.0
U,862,Obstagoon,8,Normal,Blocking Pokémon,2,Oscuridad,Normal,1.6,46.0,3,Reckless,Guts,Defiant,520.0,93.0,90.0,101.0,60.0,81.0,95.0,,,,Medium Fast,,1.0,1.0,1.0,1.0,1.0,1.0,4.0,1.0,1.0,1.0,0.0,2.0,1.0,0.0,1.0,0.5,1.0,2.0
U,863,Perrserker,8,Normal,Viking Pokémon,1,Acero,,0.8,28.0,3,Battle Armor,Tough Claws,Steely Spirit,440.0,70.0,110.0,100.0,50.0,60.0,50.0,,,,Medium Fast,,0.5,2.0,1.0,1.0,0.5,0.5,2.0,0.0,2.0,0.5,0.5,0.5,0.5,1.0,0.5,1.0,0.5,0.5
U,864,Cursola,8,Normal,Coral Pokémon,1,Fantasma,,1.0,0.4,2,Weak Armor,,Perish Body,510.0,60.0,95.0,50.0,145.0,130.0,30.0,,,,Fast,,0.0,1.0,1.0,1.0,1.0,1.0,0.0,0.5,1.0,1.0,1.0,0.5,1.0,2.0,1.0,2.0,1.0,1.0
U,866,MrRime,8,Normal,Comedian Pokémon,2,Psíquico,Hielo,1.5,58.2,3,Tangled Feet,Screen Cleaner,Ice Body,520.0,80.0,85.0,75.0,110.0,100.0,70.0,,,,Medium Fast,,1.0,2.0,1.0,1.0,1.0,0.5,1.0,1.0,1.0,1.0,0.5,2.0,2.0,2.0,1.0,2.0,2.0,1.0
U,867,Runerigus,8,Normal,Grudge Pokémon,2,Tierra,Fantasma,1.6,66.6,1,Wandering Spirit,,,483.0,58.0,95.0,145.0,50.0,105.0,30.0,,,,Medium Fast,,0.0,1.0,2.0,0.0,2.0,2.0,0.0,0.25,1.0,1.0,1.0,0.5,0.5,2.0,1.0,2.0,1.0,1.0
P,868,Milcery,8,Normal,Cream Pokémon,1,Hada,,0.2,0.3,2,Sweet Veil,,Aroma Veil,270.0,45.0,40.0,40.0,50.0,61.0,34.0,,,,Medium Fast,,1.0,1.0,1.0,1.0,1.0,1.0,0.5,2.0,1.0,1.0,1.0,0.5,1.0,1.0,0.0,0.5,2.0,1.0
U,869,Alcremie,8,Normal,Cream Pokémon,1,Hada,,0.3,0.5,2,Sweet Veil,,Aroma Veil,495.0,65.0,60.0,75.0,110.0,121.0,64.0,,,,Medium Fast,,1.0,1.0,1.0,1.0,1.0,1.0,0.5,2.0,1.0,1.0,1.0,0.5,1.0,1.0,0.0,0.5,2.0,1.0
U,870,Falinks,8,Normal,Formation Pokémon,1,Luchador,,3.0,62.0,2,Battle Armor,,Defiant,470.0,65.0,100.0,100.0,70.0,60.0,75.0,,,,Medium Fast,,1.0,1.0,1.0,1.0,1.0,1.0,1.0,1.0,1.0,2.0,2.0,0.5,0.5,1.0,1.0,0.5,1.0,2.0
U,871,Pincurchin,8,Normal,Sea Urchin Pokémon,1,Eléctrico,,0.3,1.0,2,Lightning Rod,,Electric Surge,435.0,48.0,101.0,95.0,91.0,85.0,15.0,,,,Medium Fast,,1.0,1.0,1.0,0.0,1.0,1.0,1.0,1.0,2.0,0.5,1.0,1.0,1.0,1.0,1.0,1.0,0.5,1.0
P,872,Snom,8,Normal,Worm Pokémon,2,Hielo,Bicho,0.3,3.8,2,Shield Dust,,Ice Scales,185.0,30.0,25.0,35.0,45.0,30.0,20.0,,,,Medium Fast,,1.0,4.0,1.0,1.0,0.5,0.5,1.0,1.0,0.5,2.0,1.0,1.0,4.0,1.0,1.0,1.0,2.0,1.0
U,873,Frosmoth,8,Normal,Frost Moth Pokémon,2,Hielo,Bicho,1.3,42.0,2,Shield Dust,,Ice Scales,475.0,70.0,65.0,60.0,125.0,90.0,65.0,,,,Medium Fast,,1.0,4.0,1.0,1.0,0.5,0.5,1.0,1.0,0.5,2.0,1.0,1.0,4.0,1.0,1.0,1.0,2.0,1.0
U,874,Stonjourner,8,Normal,Big Rock Pokémon,1,Roca,,2.5,520.0,1,Power Spot,,,470.0,100.0,125.0,135.0,20.0,20.0,70.0,,,,Slow,,0.5,0.5,2.0,1.0,2.0,1.0,2.0,0.5,2.0,0.5,1.0,1.0,1.0,1.0,1.0,1.0,2.0,1.0
U,875,Eiscue,8,Normal,Penguin Pokémon,1,Hielo,,1.4,89.0,1,Ice Face,,,470.0,75.0,80.0,110.0,65.0,90.0,50.0,,,,Slow,,1.0,2.0,1.0,1.0,1.0,0.5,2.0,1.0,1.0,1.0,1.0,1.0,2.0,1.0,1.0,1.0,2.0,1.0
U,876,Indeedee,8,Normal,Emotion Pokémon,2,Psíquico,Normal,0.9,28.0,3,Inner Focus,Synchronize,Psychic Surge,475.0,60.0,65.0,55.0,105.0,95.0,95.0,,,,Fast,,1.0,1.0,1.0,1.0,1.0,1.0,1.0,1.0,1.0,1.0,0.5,2.0,1.0,0.0,1.0,2.0,1.0,1.0
U,877,Morpeko,8,Normal,Two-Sided Pokémon,2,Eléctrico,Oscuridad,0.3,3.0,1,Hunger Switch,,,436.0,58.0,95.0,58.0,70.0,58.0,97.0,,,,Medium Fast,,1.0,1.0,1.0,0.5,1.0,1.0,2.0,1.0,2.0,0.5,0.0,2.0,1.0,0.5,1.0,0.5,0.5,2.0
P,878,Cufant,8,Normal,Copperderm Pokémon,1,Acero,,1.2,100.0,2,Sheer Force,,Heavy Metal,330.0,72.0,80.0,49.0,40.0,49.0,40.0,,,,Medium Fast,,0.5,2.0,1.0,1.0,0.5,0.5,2.0,0.0,2.0,0.5,0.5,0.5,0.5,1.0,0.5,1.0,0.5,0.5
U,879,Copperajah,8,Normal,Copperderm Pokémon,1,Acero,,3.0,650.0,2,Sheer Force,,Heavy Metal,500.0,122.0,130.0,69.0,80.0,69.0,30.0,,,,Medium Fast,,0.5,2.0,1.0,1.0,0.5,0.5,2.0,0.0,2.0,0.5,0.5,0.5,0.5,1.0,0.5,1.0,0.5,0.5
U,880,Dracozolt,8,Normal,Fossil Pokémon,2,Eléctrico,Dragón,1.8,190.0,3,Volt Absorb,Hustle,Sand Rush,505.0,90.0,100.0,90.0,80.0,70.0,75.0,,,,Slow,,1.0,0.5,0.5,0.0,0.5,2.0,1.0,1.0,2.0,0.5,1.0,1.0,1.0,1.0,2.0,1.0,0.5,2.0
U,881,Arctozolt,8,Normal,Fossil Pokémon,2,Eléctrico,Hielo,2.3,150.0,3,Volt Absorb,Static,Slush Rush,505.0,90.0,100.0,90.0,90.0,80.0,55.0,,,,Slow,,1.0,2.0,1.0,0.0,1.0,0.5,2.0,1.0,2.0,0.5,1.0,1.0,2.0,1.0,1.0,1.0,1.0,1.0
U,882,Dracovish,8,Normal,Fossil Pokémon,2,Agua,Dragón,2.3,215.0,3,Water Absorb,Strong Jaw,Sand Rush,505.0,90.0,90.0,100.0,70.0,80.0,75.0,,,,Slow,,1.0,0.25,0.0,1.0,1.0,1.0,1.0,1.0,1.0,1.0,1.0,1.0,1.0,1.0,2.0,1.0,0.5,2.0
U,883,Arctovish,8,Normal,Fossil Pokémon,2,Agua,Hielo,2.0,175.0,3,Water Absorb,Ice Body,Slush Rush,505.0,90.0,90.0,100.0,80.0,90.0,55.0,,,,Slow,,1.0,1.0,0.0,2.0,2.0,0.25,2.0,1.0,1.0,1.0,1.0,1.0,2.0,1.0,1.0,1.0,1.0,1.0
U,884,Duraludon,8,Normal,Alloy Pokémon,2,Acero,Dragón,1.8,40.0,3,Light Metal,Heavy Metal,Stalwart,535.0,70.0,95.0,115.0,120.0,50.0,85.0,,,,Medium Fast,,0.5,1.0,0.5,0.5,0.25,1.0,2.0,0.0,2.0,0.5,0.5,0.5,0.5,1.0,1.0,1.0,0.5,1.0
P,885,Dreepy,8,Normal,Lingering Pokémon,2,Dragón,Fantasma,0.5,2.0,3,Clear Body,Infiltrator,Cursed Body,270.0,28.0,60.0,30.0,40.0,30.0,82.0,,,,Slow,,0.0,0.5,0.5,0.5,0.5,2.0,0.0,0.5,1.0,1.0,1.0,0.5,1.0,2.0,2.0,2.0,1.0,2.0
I,886,Drakloak,8,Normal,Caretaker Pokémon,2,Dragón,Fantasma,1.4,11.0,3,Clear Body,Infiltrator,Cursed Body,410.0,68.0,80.0,50.0,60.0,50.0,102.0,,,,Slow,,0.0,0.5,0.5,0.5,0.5,2.0,0.0,0.5,1.0,1.0,1.0,0.5,1.0,2.0,2.0,2.0,1.0,2.0
U,887,Dragapult,8,Normal,Stealth Pokémon,2,Dragón,Fantasma,3.0,50.0,3,Clear Body,Infiltrator,Cursed Body,600.0,88.0,120.0,75.0,100.0,75.0,142.0,,,,Slow,,0.0,0.5,0.5,0.5,0.5,2.0,0.0,0.5,1.0,1.0,1.0,0.5,1.0,2.0,2.0,2.0,1.0,2.0
U,888,Zacian,8,Legendario,Warrior Pokémon,2,Hada,Acero,2.8,355.0,1,Intrepid Sword,,,720.0,92.0,170.0,115.0,80.0,115.0,148.0,,,,Slow,,0.5,2.0,1.0,1.0,0.5,0.5,1.0,0.0,2.0,0.5,0.5,0.25,0.5,1.0,0.0,0.5,1.0,0.5
U,889,Zamazenta,8,Legendario,Warrior Pokémon,2,Luchador,Acero,2.9,785.0,1,Dauntless Shield,,,720.0,92.0,130.0,145.0,80.0,145.0,128.0,,,,Slow,,0.5,2.0,1.0,1.0,0.5,0.5,2.0,0.0,2.0,1.0,1.0,0.25,0.25,1.0,0.5,0.5,0.5,1.0
U,890,Eternatus,8,Legendario,Gigantic Pokémon,2,Posión,Dragón,20.0,950.0,1,Pressure,,,690.0,140.0,85.0,95.0,145.0,95.0,130.0,,,,Slow,,1.0,0.5,0.5,0.5,0.25,2.0,0.5,0.5,2.0,1.0,2.0,0.5,1.0,1.0,2.0,1.0,1.0,1.0